,Gross national income per capita (PPP int. $),Gross national income per capita (PPP int. $),Gross national income per capita (PPP int. $),Gross national income per capita (PPP int. $),Gross national income per capita (PPP int. $),Gross national income per capita (PPP int. $),Gross national income per capita (PPP int. $),Gross national income per capita (PPP int. $),Gross national income per capita (PPP int. $),Gross national income per capita (PPP int. $),Gross national income per capita (PPP int. $),Gross national income per capita (PPP int. $),Gross national income per capita (PPP int. $),Gross national income per capita (PPP int. $),Gross national income per capita (PPP int. $),Gross national income per capita (PPP int. $),Gross national income per capita (PPP int. $),Gross national income per capita (PPP int. $),Gross national income per capita (PPP int. $),Gross national income per capita (PPP int. $),Gross national income per capita (PPP int. $),Gross national income per capita (PPP int. $),Gross national income per capita (PPP int. $),Gross national income per capita (PPP int. $)
Country,2013,2012,2011,2010,2009,2008,2007,2006,2005,2004,2003,2002,2001,2000,1999,1998,1997,1996,1995,1994,1993,1992,1991,1990
Afghanistan, 2 000,1940,1700,1610,1510,1270,1230,1080,1020,920,920,870,,,,,,,,,,,,
Albania, 10 520,10080,10090,9390,9370,8920,7940,7410,6530,5980,5490,5060,4860,4370,3920,3500,3050,3330,2960,2500,2220,1910,2040,2840
Algeria, 12 990,12750,12480,12220,11780,11760,11440,10690,10290,9590,9120,8430,8040,7460,7250,7070,6730,6590,6350,6180,6280,6340,6210,6330
Angola, 6 770,6560,6430,6230,6200,5720,5320,4260,3570,3080,2820,2690,2290,2190,2020,2100,2050,1800,1530,910,1140,1520,2190,2190
Antigua and Barbuda, 20 070,19850,19240,19600,20780,23620,23530,21280,18360,16800,15820,14620,14470,14470,14050,13660,13240,12210,11870,12470,11820,10970,10710,9830
Armenia, 8 140,7890,7190,6620,6280,7390,6680,5720,4850,4120,3630,3120,2690,2380,2190,2080,1960,1780,1580,1420,1180,1130,2230,2330
Australia, 42 540,41590,40070,37550,38820,35980,34960,32950,31380,30430,28960,27920,26680,25580,24490,23530,22140,21300,20320,19650,18730,17570,17110,16820
Austria, 43 840,42990,42600,40430,38890,39690,37560,36220,33300,32590,31020,30090,28440,28450,26700,25870,24730,24220,23130,22230,21360,20920,20190,19180
Azerbaijan, 16 180,14860,14590,14620,13730,12320,10570,8580,6290,5110,4650,4130,3710,3350,3110,2900,2630,2430,2410,2720,3370,,,
Bahamas,,21540,21850,21280,21390,23100,23380,22930,22100,21270,20900,21070,20610,20020,19120,18000,16670,20600,18170,17270,16710,16830,17010,17480
Bahrain,,36140,34890,36100,35420,39400,40230,39010,38230,36510,35270,34020,34570,34880,33200,33080,31910,32440,31280,29240,29620,27460,26700,19200
Bangladesh, 2 810,2640,2460,2290,2150,2030,1870,1720,1560,1450,1350,1270,1200,1140,1070,1020,980,930,890,850,820,780,740,710
Barbados,,15080,14930,14660,14280,14660,14590,13790,12910,12240,11710,11350,11180,11320,10880,10540,10040,9260,8980,8740,8260,8060,8270,8250
Belarus, 16 940,16800,16410,15080,13780,13760,12250,10990,9670,8510,7380,6690,6220,5770,5310,5040,4580,4040,3840,4190,4650,4930,5340,5230
Belgium, 40 280,39870,40210,38810,36670,37560,35960,34560,32400,31510,30760,30450,29000,28310,25850,24810,24320,23250,22810,21930,20700,20300,19630,18650
Belize, 8 160,8170,7940,7720,7410,7070,6830,6870,8150,7890,7370,6710,6530,6160,4790,4540,4490,4380,4360,4330,4330,4060,3640,3280
Benin, 1 780,1710,1640,1590,1580,1580,1520,1450,1400,1360,1320,1290,1270,1200,1150,1110,1080,1030,1000,950,950,900,900,860
Bhutan, 7 210,6960,6680,6140,5580,5330,5150,4380,4030,3710,3510,3320,3080,2860,2240,2150,2210,2040,1890,1810,1620,1500,1430,1420
Bolivia (Plurinational State of), 5 750,5400,5200,4950,4800,4710,4400,4180,3920,3690,3530,3480,3410,3340,3270,3290,3150,3020,2870,2760,2630,2520,2460,2300
Bosnia and Herzegovina, 9 820,9290,9310,8860,8770,8820,7970,7230,6440,5980,5540,5280,5040,4840,4780,4590,3170,2310,1120,870,,,,
Botswana, 15 500,14630,13930,12500,11650,12260,11560,10360,9330,8530,8290,7580,7990,7620,7540,7440,7070,6420,6390,5720,6260,5920,5720,5070
Brazil, 14 750,14350,14030,13520,12510,12520,11820,10920,10260,9730,9050,8860,8620,8500,8050,8120,8180,7930,7740,7360,6890,6570,6530,6300
Brunei Darussalam,,,,,68090,69840,71150,70090,66360,65290,64510,62740,60770,59100,57450,56220,57250,58530,57290,55140,53790,53870,51720,49930
Bulgaria, 15 200,15250,14790,13950,13520,13460,11560,10800,9840,8970,8350,7740,6780,6080,5590,5350,4690,4430,5350,5140,4940,4860,4630,4970
Burkina Faso, 1 560,1550,1430,1390,1310,1300,1240,1200,1120,1030,980,920,890,840,830,790,750,710,640,610,610,590,590,540
Burundi,820,750,730,710,690,690,670,640,610,590,570,590,580,580,570,580,550,550,600,650,680,720,710,670
CÃ´te d'Ivoire, 2 900,2680,2460,2580,2540,2480,2420,2350,2300,2230,2150,2160,2190,2160,2240,2240,2170,2040,1890,1770,1710,1740,1740,1710
Cabo Verde, 6 220,6220,5960,5630,5610,5650,5230,4350,3960,3690,3310,3150,3040,2910,2570,2330,2100,1890,1720,1520,1280,1190,1070,1050
Cambodia, 2 890,2710,2530,2350,2230,2250,2100,1880,1660,1450,1310,1200,1140,1050,970,880,860,810,780,,,,,
Cameroon, 2 660,2550,2470,2390,2360,2330,2250,2210,2090,2040,1940,1830,1760,1710,1680,1620,1550,1490,1430,1400,1450,1500,1550,1640
Canada, 42 610,41170,40570,39200,38060,39500,38700,37260,35230,32900,31240,29850,29160,28240,26650,25210,24160,22990,22390,21500,20300,19530,19180,19150
Central African Republic,600,950,910,880,830,770,740,680,620,610,570,600,580,550,560,540,520,500,520,490,470,470,500,500
Chad, 2 000,1930,1850,1850,1650,1640,1620,1660,1380,1100,710,330,700,730,800,820,790,760,760,760,680,840,780,710
Chile, 21 030,20140,19040,17010,14840,14950,14660,13400,11700,10880,10320,9940,9720,9320,8420,8540,8180,7600,6950,6140,5790,5290,4590,4140
China, 11 850,10890,9940,9010,8120,7480,6700,5720,4930,4330,3840,3430,3100,2830,2590,2380,2180,1970,1760,1560,1360,1180,1070,1010
Colombia, 11 890,11340,10790,10130,9780,9670,9320,8640,7970,7490,7040,6790,6650,6520,6250,6540,6510,6310,6210,5880,5460,5260,4970,4760
Comoros, 1 560,1520,1480,1460,1450,1450,1450,1440,1410,1340,1340,1320,1290,1250,1240,1220,1230,1190,1220,1180,1250,1230,1110,1170
Congo, 4 720,4540,4140,4080,3690,3570,3180,3120,2940,2790,2920,2830,2670,2590,2390,2700,2500,2040,2000,2850,2860,3130,2940,2830
Costa Rica, 13 570,13140,12510,11840,11120,11590,11020,10450,9380,8610,8010,7660,7370,6990,6600,6730,6380,6120,6090,5920,5600,5220,4740,4590
Croatia, 20 370,19700,19480,18190,18710,19650,18290,16440,15010,14200,12980,12380,11460,10730,9760,10020,9590,8970,7970,,,,,
Cuba,,,18520,17680,17040,16660,15660,14290,12340,10750,9930,9380,9160,8670,8050,7500,7430,7130,6500,6290,6150,7100,7880,8580
Cyprus, 28 830,29600,31780,29990,30280,31190,26350,25100,23400,22190,21330,20670,19810,18190,17360,18230,15800,15460,15060,14650,13870,13760,12680,12500
Czechia, 25 530,24980,25230,23990,24260,24770,23660,22150,20420,19140,18140,16930,16390,15320,14540,14260,14260,14160,13400,12450,11850,,,
Democratic Republic of the Congo,680,660,620,590,560,540,530,510,470,450,430,400,390,410,410,450,460,490,460,470,530,600,690,750
Denmark, 44 460,43200,42960,41860,39240,40460,38070,36750,33660,32410,30260,30390,29040,28240,26690,25840,24900,23740,22710,21610,20090,19570,18750,17980
Djibouti,,,,,,,,,2190,2090,1960,1790,1730,1700,1670,1630,1650,1670,1750,1810,1840,1950,1960,
Dominica, 9 800,9630,9770,9600,9320,9250,8370,7780,6610,6400,6150,5590,5700,5300,5640,5720,5250,5040,4910,4760,4700,4490,4300,4180
Dominican Republic, 11 150,10790,10340,9880,9130,8860,8280,7530,6670,5830,5790,5920,5590,5460,5120,4820,4540,4200,3890,3680,3560,3360,3040,2950
Ecuador, 10 310,9920,9420,8710,8450,8460,7810,7570,7130,6630,6100,5950,5680,5310,5300,5740,5650,5410,5350,5220,4990,4850,4680,4380
Egypt, 10 850,10600,10330,10360,10070,9760,9100,8560,7610,7180,6830,6610,6530,6260,5910,5590,5390,5080,4800,4540,4300,4170,3960,3800
El Salvador, 7 490,7290,7150,6920,6770,7030,6810,6410,5980,5610,5390,5210,5050,4880,4680,4520,4340,4150,4040,3760,3500,3240,2970,2820
Equatorial Guinea, 23 240,24630,27630,28080,33700,25870,28720,28410,12600,9270,7460,8090,6080,6030,6680,5060,4660,1740,1100,1040,1080,1000,740,730
Eritrea, 1 180,1190,1130,1050,1050,1040,1170,1160,1180,1150,1150,1220,1220,1150,1210,1230,1220,1130,1060,1010,820,710,,
Estonia, 24 230,22900,22080,19460,19410,21010,20150,18130,15820,13920,12550,11320,10110,9380,8620,8360,7780,6970,6320,,,,,
Ethiopia, 1 350,1240,1150,1040,940,880,800,720,640,570,500,520,520,480,460,440,460,460,410,390,380,340,380,410
Fiji, 7 610,7140,7210,7000,7170,7130,7010,6830,6910,6580,6100,5970,5620,5560,5270,4810,4820,4920,4640,4360,4180,4060,3800,3790
Finland, 38 480,38570,38720,37130,36450,38240,36130,33480,30850,30070,27420,27580,26530,25500,23310,22050,20570,18750,18160,17000,15930,15870,16360,17090
France, 37 580,36690,37040,35470,34610,34640,33560,31900,29910,28440,27480,27770,26920,25560,23920,22900,21820,20840,20160,19430,18710,18450,17820,17130
Gabon, 17 220,16490,15410,14490,14250,14370,14120,13140,13390,12090,12570,12600,12230,11710,12410,13880,13310,12700,12350,12040,11330,11110,11880,11120
Gambia, 1 620,1560,1480,1570,1510,1460,1380,1330,1320,1340,1220,1160,1240,1190,1130,1090,1070,1040,1030,1020,1030,1000,970,900
Georgia, 7 040,6760,6140,5730,5440,5630,5470,4810,4250,3820,3460,3040,2840,2700,2610,2480,2320,1910,1610,1540,1660,2340,4210,5210
Germany, 44 540,42860,41910,39150,36860,37550,36120,34260,31470,29920,28130,27070,26430,25510,24690,23910,23350,22890,22270,21580,20840,20730,20070,18750
Ghana, 3 880,3540,3340,2960,2810,2740,2540,2390,2220,2060,1950,1870,1810,1720,1680,1620,1570,1510,1460,1410,1370,1320,1270,1200
Greece, 25 630,25680,26260,27590,29000,28770,27000,26230,24020,23720,22420,21490,19920,18340,17030,16730,16260,15380,14910,14410,13940,14020,13720,12950
Grenada, 11 120,10690,10770,10390,10030,11050,10740,10120,10250,8150,8250,7380,7090,7210,6850,6150,5800,5500,5230,5120,4910,5040,4960,4580
Guatemala, 7 130,6920,6720,6520,6420,6530,6350,5980,5670,5460,5300,5200,5100,4950,4790,4670,4470,4310,4220,4030,3890,3730,3560,3370
Guinea, 1 160,1140,1100,1060,1030,1050,1030,990,980,960,930,980,910,880,860,820,800,770,750,730,720,700,690,690
Guinea-Bissau, 1 240,1250,1280,1220,1170,1150,1130,1060,1060,1000,1000,1050,1020,560,900,890,1270,1180,1060,1030,990,980,960,930
Guyana, 6 550,6160,5790,5470,5140,4970,4750,4790,4470,3910,4010,3960,3840,3730,3680,3480,3500,3340,3020,2760,2370,1940,1630,1450
Haiti, 1 710,1640,1590,1490,1580,1540,1520,1450,1420,1370,,,,,,,,,,,,,,
Honduras, 4 270,4190,4110,4000,3990,4100,3920,3610,3360,3110,2930,2830,2750,2680,2530,2570,2510,2360,2280,2230,2260,2050,1970,1900
Hungary,,21000,21240,20140,19550,19120,17590,17330,16060,15330,14640,13910,12740,11310,10430,10050,9400,8940,8680,8510,8110,7640,7650,8540
Iceland, 38 870,34190,32790,30210,30410,31160,35270,33830,33630,32400,30290,31040,29530,28070,28050,27200,25480,23610,22540,22110,21220,20700,21130,20580
India, 5 350,5080,4840,4500,4100,3800,3650,3270,2950,2650,2430,2240,2160,2040,1960,1800,1710,1640,1530,1410,1320,1250,1180,1160
Indonesia, 9 260,8740,8190,7650,7160,6880,6420,5960,5520,5150,4880,4240,4120,4010,3850,3900,4640,4430,4090,3770,3450,2910,2670,2660
Iran (Islamic Republic of), 15 600,16530,,,13180,13260,13730,12480,11540,10820,10120,9400,8890,8490,8010,7910,7730,7450,6940,6640,6620,6760,6430,5620
Iraq, 15 220,14810,13620,12650,12190,12020,10930,10720,9690,,,,,,,,,,,,,,,
Ireland,,35090,34850,34570,33560,36570,38950,37030,33420,31390,29700,27500,25920,24930,22360,21300,19390,17790,16330,14920,13800,13140,12670,12050
Israel, 32 140,30510,29650,27960,26530,26550,26870,24790,23050,23000,21350,22580,22280,21480,19320,19160,18820,18340,17090,15910,14920,14350,13590,13100
Italy, 34 100,34070,34420,33400,32970,33570,32510,30940,28600,27650,27240,26800,27130,25590,24220,23660,22520,21610,20850,19780,18990,18680,18160,17360
Jamaica, 8 480,8420,8170,7900,7810,8250,8100,9160,,,,,6320,6210,6060,5970,6210,6220,6050,5800,5700,4880,4630,4330
Japan, 37 630,36440,35380,34830,32880,34710,34500,32730,31150,29930,28410,27680,27000,26260,24910,24680,24980,24180,23130,22310,21750,21250,20620,19370
Jordan, 11 660,11390,11190,10950,11130,10810,10190,9290,8500,7770,7060,6780,6530,6180,5760,5600,5480,5290,5260,4970,4790,4630,3940,4340
Kazakhstan, 20 570,18860,17710,16710,15990,15460,15230,13900,12570,11580,10470,9530,8460,7170,6610,6410,6350,6070,5860,6160,6820,,,
Kenya, 2 250,2180,2110,2030,1950,1940,1920,1800,1690,1570,1490,1460,1470,1420,1420,1410,1380,1370,1310,1250,1210,1240,1260,1250
Kiribati, 2 780,2660,2390,2390,2430,2570,2480,2350,2420,2390,2290,2330,2510,2320,2060,2220,1910,1530,1660,1580,1490,1480,1450,1600
Kuwait,,,88170,86560,91900,102020,106670,103600,96720,88870,79780,69980,72590,75580,73500,81660,80750,77150,76240,,,,,
Kyrgyzstan, 3 070,2860,2670,2560,2640,2590,2420,2180,2040,1980,1850,1700,1690,1550,1450,1420,1410,1300,1210,1280,1580,1840,2110,2250
Lao People's Democratic Republic, 4 570,4170,3840,3580,3450,3190,3000,2710,2550,2300,2100,2010,1890,1770,1710,1580,1540,1480,1390,1310,1220,1150,1100,1050
Latvia, 22 970,21350,20120,18010,18200,18520,17080,14960,13140,11700,10760,10020,9020,8050,7340,6990,6490,5810,5410,5270,4970,5000,7090,7810
Lebanon, 17 390,17080,16360,15740,14820,13820,12750,11280,10830,10250,8360,9600,9990,9970,9790,9800,9530,9740,9330,8680,8050,7640,7620,6110
Lesotho, 3 320,2990,2570,2610,2510,2460,2330,2260,2210,2240,2230,2130,2090,1710,1650,1600,1640,1580,1500,1510,1450,1470,1440,1410
Liberia,790,730,670,580,540,460,410,340,310,250,260,420,320,360,230,240,190,,,,,,,
Libya,,,,,28110,28010,27640,25520,23170,20730,20220,17650,,,,,,,,,,,,
Lithuania, 24 500,23110,21680,19450,18480,19980,18350,16430,14440,12830,11850,10520,9450,8480,7830,7830,7170,6600,6190,5840,6300,7310,9050,9300
Luxembourg,,59750,61140,58100,52190,66660,67920,59750,58650,56700,47060,47700,47930,46800,44090,39790,39310,37450,36020,34210,33950,32880,32160,28820
Madagascar, 1 350,1340,1340,1350,1370,1470,1380,1290,1230,1170,1120,1030,1200,1130,1100,1060,1030,1000,980,970,990,980,950,1040
Malawi,750,730,730,710,680,640,600,550,540,520,490,470,470,490,480,480,470,460,420,350,400,350,380,340
Malaysia, 22 460,21430,20560,19340,18340,18620,17900,16570,15270,14200,13160,12280,11620,11440,10640,10290,11270,10670,9770,8930,8210,7440,6880,6300
Maldives, 9 890,9310,9310,8950,8500,8750,7770,7990,6600,6890,6040,5290,4990,,,,,,,,,,,
Mali, 1 540,1550,1590,1560,1490,1490,1420,1370,1270,1200,1180,1070,1050,990,960,910,870,830,810,770,780,790,730,710
Malta, 28 030,26940,27340,26060,24520,25140,22650,21480,20070,19690,19600,19450,18450,18590,17200,16000,15610,14700,15540,14530,13840,13190,12600,11740
Marshall Islands, 4 620,4500,4260,4110,4010,4100,4120,3890,3740,3480,3400,3360,3290,3060,2820,2780,2750,2850,3280,,,,,
Mauritania, 2 850,2740,2610,2560,2590,2650,2560,2460,2190,2010,1910,1920,1730,1760,1800,1690,1640,1740,1590,1450,1490,1430,1410,1350
Mauritius, 17 220,16540,15800,15120,14180,13900,13280,12040,11220,10810,10010,9640,9380,8950,8120,7890,7450,6980,6590,6230,5990,5650,5250,4860
Mexico, 16 110,15910,15650,14590,13780,14030,13330,12840,11750,10860,10270,10060,10000,9990,9400,8940,8610,7980,7600,8560,8190,6390,6150,5800
Micronesia (Federated States of), 3 840,3670,3540,3390,3330,3160,3200,3150,3050,2870,2840,2740,2680,2580,2410,2340,2410,2390,2450,2380,2380,,,
Mongolia, 8 810,7670,6770,5780,5730,5920,5450,4940,4440,4120,3660,3400,3230,3090,3030,2920,2790,2660,2560,2370,2250,2330,2580,2740
Montenegro, 14 600,13760,14250,13230,13180,14090,12580,10680,8470,8210,7720,7380,7100,6880,,,,,,,,,,
Morocco, 7 000,6660,6490,6190,5960,5760,5420,5190,4720,4460,4170,3870,3720,3420,3340,3320,3060,3120,2760,2940,2640,2670,2760,2550
Mozambique, 1 040,980,910,860,800,730,690,630,610,560,520,500,450,410,410,380,350,320,290,290,270,260,280,260
Namibia, 9 590,9060,8460,7850,7590,7790,7460,7070,6430,6330,5730,5260,4970,4930,4690,4720,4620,4510,4510,4280,4250,4290,4150,3780
Nepal, 2 260,2170,2060,1980,1890,1810,1690,1610,1530,1440,1360,1310,1320,1260,1180,1140,1120,1080,1030,1000,930,900,860,810
Netherlands, 43 210,42890,43290,40940,40370,42000,41350,39130,35270,34060,32080,32230,31050,30070,27220,25210,24410,22840,21850,20690,19670,18970,18440,17490
New Zealand,,30750,30240,28800,28980,27020,26780,25490,23810,23400,22580,21920,21200,20090,19140,18240,17730,16860,16620,15770,14740,13920,13550,14200
Nicaragua, 4 440,4240,4110,3800,3670,3810,3680,3480,3270,3040,2840,2740,2700,2620,2500,2340,2220,2110,1960,1780,1490,1440,1540,1920
Niger,910,880,820,820,780,810,750,740,700,670,680,650,650,610,630,650,600,590,580,570,560,560,600,590
Nigeria, 5 360,5120,4930,4750,4320,4180,3970,3870,3240,3120,2330,2140,2110,1940,,1950,1980,1940,1830,1740,1700,1760,1780,1770
Norway, 66 520,66220,62560,58420,55610,61060,55590,53940,48160,42530,38530,37170,37160,35690,29550,27110,27660,25750,23280,21900,20400,19530,18350,17370
Oman,,52170,39440,40170,43410,44560,40180,36900,33850,32860,31600,31210,31310,29010,27010,26660,25880,24070,23240,22070,21500,20570,19660,18490
Pakistan, 4 920,4670,4450,4300,4200,4110,4020,3810,3560,3260,3040,2820,2690,2640,2540,2480,2450,2470,2400,2280,2220,2200,2070,2000
Palau, 14 540,14290,13370,12710,12200,13380,13760,13160,12960,12560,11390,11460,10950,10460,11370,11620,11880,11710,10620,9330,9150,10080,10830,
Panama, 19 290,16620,15290,15350,14650,14260,13160,11720,9220,8490,7970,7940,7560,7480,7210,7070,6700,6370,6130,6130,5890,5460,5000,4600
Papua New Guinea, 2 430,2330,2180,2030,1930,1850,1740,1440,1470,1380,1310,1340,1350,1380,1390,1400,1490,1520,1480,1510,1410,1190,1110,1000
Paraguay, 7 640,6700,6820,6390,5650,6040,5600,4970,4510,4350,4080,4280,4190,4140,4480,4580,4630,4630,4330,,,,,
Peru, 11 360,10770,9950,9330,8760,8650,7820,6700,6290,5810,5560,5320,5070,5000,4840,4810,4820,4490,4320,3980,3500,3360,3360,3290
Philippines, 7 820,7290,6830,7340,6820,6490,6150,5740,5390,4970,4600,4240,4100,3950,3660,3600,3380,3180,2990,2860,2710,2640,2590,2550
Poland, 22 300,21320,20760,19560,18250,17590,16090,14660,13470,12640,11870,11520,10940,10540,9840,9310,8720,8000,7310,6740,6090,5700,5510,
Portugal, 25 360,24750,24890,24980,24250,24190,23550,22430,21140,19670,19250,18750,17940,17340,16500,15560,14800,14020,13500,12670,12370,12340,11870,10960
Qatar, 123 860,121750,123280,111880,106790,113460,112190,110240,92020,100810,,,,,,,,,,,,,,
Republic of Korea, 33 440,32150,31510,30450,28410,28720,27830,25720,24030,22850,21260,20700,19060,17990,16250,14530,15480,14560,13460,12250,11140,10340,9660,8600
Republic of Moldova, 5 190,4710,4520,4170,3740,4100,3710,3570,3300,2990,2680,2340,2130,1870,1800,1830,1940,1890,1860,1850,2640,2610,3600,4160
Romania, 18 060,17300,16830,16000,15340,15280,12720,10980,9250,8490,7650,6990,6440,5670,5280,5280,5450,5680,5330,4880,4580,4410,4710,5160
Russian Federation, 23 200,22710,21860,19910,18850,19710,16360,14530,11560,10030,8970,7870,7270,6650,5680,5230,5580,5450,5580,5720,6360,6790,7830,8000
Rwanda, 1 430,1390,1310,1230,1180,1130,1030,960,880,790,730,720,640,600,580,580,590,550,510,360,670,660,570,550
Saint Kitts and Nevis, 20 400,19790,19750,19230,19760,21040,20110,18970,17560,15510,14420,14820,14600,13820,13300,12680,12780,11730,11390,10760,10140,9430,9130,8960
Saint Lucia, 10 350,10260,10430,10020,10030,9870,9400,8890,7780,7770,7170,6900,6740,7060,6920,6730,6370,6300,5900,5700,5530,5370,4900,4720
Saint Vincent and the Grenadines, 10 610,10160,9700,9560,9760,9770,9440,8820,7870,7430,7010,6470,6010,5720,5570,5350,5070,4380,4220,4070,4160,4080,3640,3500
Samoa, 4 840,4770,4640,4550,4390,4560,4290,4140,4040,3940,3600,3540,3370,3080,2830,2750,2650,2620,2320,2130,3200,2990,3060,3090
Sao Tome and Principe, 2 950,2860,2800,2690,2610,2570,2450,2390,2020,1970,1880,1730,1700,,,,,,,,,,,
Saudi Arabia, 53 780,52790,49940,45900,43220,42710,39220,37070,34850,32190,29760,28350,29090,29490,28670,29000,28170,27260,26390,26100,26500,26880,26190,24390
Senegal, 2 240,2180,2140,2120,2060,2070,2000,1910,1840,1750,1650,1550,1560,1490,1450,1390,1320,1290,1260,1190,1210,1210,1190,1160
Serbia, 12 020,11440,11490,10830,11000,11200,9890,9320,8410,7750,6930,6570,6190,5790,5360,5930,5760,,,,,,,
Seychelles, 23 270,22220,21340,19410,18550,18280,19000,17190,15550,13940,13550,13490,14270,14190,13660,13550,12760,11240,10600,10800,10710,10150,9300,8790
Sierra Leone, 1 750,1460,1450,1330,1370,1330,1230,1060,1010,970,930,870,710,770,720,730,740,760,710,700,750,670,840,770
Singapore, 76 850,74110,73520,70030,58620,60390,62250,57700,51380,47190,44090,41070,39870,40610,37750,35480,37320,34120,32920,30880,27500,25240,23380,21930
Slovakia, 25 500,24740,24570,23340,22700,22840,20280,17890,15760,14080,12950,12920,12080,10960,10350,10330,9760,9100,8340,7650,7080,6440,6750,7680
Slovenia, 28 130,27610,27850,26660,26590,28290,26650,25190,23290,22010,20380,19650,18500,17590,16770,15740,14890,13920,13120,12080,11040,10420,,
Solomon Islands, 1 810,1810,1540,1310,1190,1480,1520,1540,1420,1350,1270,1190,1250,1360,1580,1600,1600,1000,1020,960,880,940,880,790
South Africa, 12 240,11970,11640,11200,10850,10960,10490,9960,9270,8650,8090,7820,7530,7370,7090,7000,7070,6930,6690,6500,6280,6180,6280,6190
South Sudan, 2 190,1750,3200,2600,2970,2400,,,,,,,,,,,,,,,,,,
Spain, 31 850,31140,31090,30900,31350,31990,31190,29700,26850,25460,24380,23640,22220,21160,19640,18710,17530,16550,15880,14980,14550,14350,13960,13200
Sri Lanka, 9 470,8830,8020,7330,6780,6490,6140,5640,5140,4750,4450,4150,3950,3850,3560,3430,3290,3070,2940,2790,2630,2430,2280,2150
Sudan, 2 370,3220,3210,2970,2960,2950,2880,2610,2340,2160,2080,1980,1880,1790,1720,1710,1670,1510,1400,1330,1290,1210,1120,1110
Suriname, 15 860,14840,14470,13730,13260,12920,12390,11390,10600,9740,8830,8260,7390,7810,7200,7750,7660,7300,7130,6940,,7080,6990,6700
Swaziland, 6 220,6020,5970,6240,6150,6270,6200,5870,5940,5300,4930,4870,5100,4730,4770,4560,4680,4580,4280,3850,3930,3910,3770,3660
Sweden, 44 760,43090,42700,40460,38320,41000,39300,36200,32940,32470,30810,29160,28060,27750,25740,24060,22980,22150,21330,20180,18840,19010,19150,19010
Switzerland, 56 580,53920,51770,51670,48380,44740,45060,44320,40370,38360,37080,35710,34820,34890,32640,31870,30830,28970,28170,27410,26940,26470,26250,25940
Tajikistan, 2 500,2340,2200,2040,1940,1900,1750,1590,1480,1370,1210,1100,990,900,840,810,770,720,890,1020,1310,1570,2210,2350
Thailand, 13 510,13420,12340,12030,11100,11330,10850,10050,9250,8660,8030,7480,7140,6980,6520,6180,6970,7050,6640,6010,5440,4910,4510,4070
The former Yugoslav republic of Macedonia, 11 520,11520,11540,11210,10920,10360,8810,8530,7540,6800,6200,5810,5660,5710,5360,5160,4970,4870,4760,4690,4610,4790,5110,5220
Timor-Leste, 6 410,7690,8290,6320,5100,6900,4400,3110,1980,1590,1440,1630,1930,1640,,,,,,,,,,
Togo, 1 180,1140,1080,1060,1060,1040,1140,1110,1060,1040,1020,980,990,1010,1020,1020,1050,930,850,770,700,820,860,860
Tonga, 5 450,5370,5210,4940,4790,4640,4550,4620,4510,4350,4200,4100,3870,3700,3590,3450,3280,3240,3180,3090,2780,2630,2590,2370
Trinidad and Tobago, 26 210,25480,24990,27250,26950,28380,27040,25110,21610,20240,17780,15430,14010,12980,12220,11590,10550,9860,9370,8900,8570,8450,8440,8040
Tunisia, 10 960,10470,9720,9660,9340,8940,8500,7940,7320,6980,6500,6070,5940,5620,5330,5020,4780,4480,4190,4030,3870,3840,3570,3420
Turkey, 18 760,18020,17820,16040,14520,15000,13870,12890,11390,10150,8760,8630,8520,9180,8190,8630,6190,5730,5310,4890,5200,4770,4470,4360
Turkmenistan, 12 920,11040,10060,9000,8450,8080,7180,6370,5400,4950,4640,4390,4350,3990,3970,3450,3300,3630,3400,3780,4460,,,
Tuvalu, 5 990,5160,5120,5060,5620,5440,5430,4630,4570,4590,4130,5900,4760,,,,,,,,,,,
Uganda, 1 370,1320,1310,1240,1200,1150,1070,990,890,840,800,760,710,690,680,650,630,600,560,500,480,440,440,410
Ukraine, 8 960,8670,8170,7590,7130,8370,7930,7110,6410,6000,5170,4590,4240,3710,3400,3350,3370,3390,3650,4080,5070,5910,6560,6960
United Arab Emirates,,58090,56390,56260,60590,71660,81540,90460,93410,96800,92890,88250,90860,,,,,,,,,,,
United Kingdom of Great Britain and Northern Ireland, 35 760,34640,35270,34510,35260,37110,36480,35620,33820,32430,30450,29390,27950,26280,24320,23830,22730,21150,19910,18990,17620,16710,16060,15770
United Republic of Tanzania, 1 750,1650,1580,1500,1420,1370,1290,1210,1120,1050,970,920,860,820,780,750,730,720,680,660,650,650,660,640
United States of America, 53 960,52620,50860,48880,47240,48650,48420,47390,44740,42260,39960,38590,37860,36930,34850,33230,31620,29980,28550,27350,26000,25180,24180,23730
Uruguay, 18 930,17980,17040,15550,14290,13960,12920,11840,10980,9760,9060,9240,9770,9960,9970,10010,9540,8650,8090,8080,7440,7120,6460,6000
Uzbekistan, 5 340,4920,4590,4230,3950,3810,3420,2950,2710,2470,2240,2130,2030,1940,1860,1780,1710,1640,1620,1630,1710,1750,,
Vanuatu, 2 840,2780,2820,2780,2750,2790,2510,2400,2160,2070,1990,1930,2110,2120,2050,2030,1800,1740,1750,1630,1670,1540,1550,1680
Venezuela (Bolivarian Republic of), 17 890,17480,16580,15960,16350,17250,16510,14780,13150,11550,9720,10500,11710,11340,10870,11470,11520,10910,10950,10460,10770,10720,10300,9260
Viet Nam, 5 030,4780,4510,4230,3950,3810,3580,3310,3050,2780,2560,2370,2230,2070,1930,1830,1740,1610,1480,1320,1190,1100,990,910
Yemen, 3 820,3690,3490,4200,4190,4000,3900,3710,3460,3260,3170,3120,3060,2930,2740,2780,2580,2500,2550,2530,2430,2390,2250,2210
Zambia, 3 070,2990,2710,2500,2490,2250,2050,1990,1910,1830,1810,1720,1670,1590,1540,1490,1560,1520,1430,1470,1600,1460,1470,1500
Zimbabwe, 1 560,1570,1490,1370,1270,1110,1380,1410,1430,1470,1540,1820,1960,1890,1930,1930,1910,1880,1680,1680,1550,1520,1680,1590
