incidence_tb,incidence_tb_HIV,incidence_tb_100000,incidence_tb_HIV_100000
61 000 ,460 ,189 ,1.4 
60 000 ,430 ,189 ,1.3 
58 000 ,390 ,189 ,1.3 
56 000 ,360 ,189 ,1.2 
55 000 ,330 ,189 ,1.1 
53 000 ,300 ,189 ,1.1 
52 000 ,280 ,189 ,1 
50 000 ,260 ,189 ,0.98 
49 000 ,240 ,189 ,0.92 
48 000 ,220 ,189 ,0.87 
46 000 ,200 ,189 ,0.83 
44 000 ,190 ,189 ,0.79 
43 000 ,170 ,189 ,0.75 
41 000 ,150 ,189 ,0.7 
39 000 ,140 ,189 ,0.67 
37 000 ,120 ,190 ,0.63 
550 ,8 ,19 ,0.27 
540 ,7 ,19 ,0.25 
530 ,7 ,18 ,0.23 
460 ,5 ,16 ,0.19 
480 ,5 ,17 ,0.18 
490 ,5 ,17 ,0.17 
510 ,5 ,17 ,0.16 
500 ,4 ,17 ,0.14 
520 ,4 ,17 ,0.13 
560 ,4 ,18 ,0.12 
600 ,4 ,20 ,0.12 
650 ,4 ,21 ,0.12 
660 ,3 ,21 ,0.11 
700 ,3 ,23 ,0.1 
650 ,3 ,21 ,0.08 
710 ,3 ,23 ,0.08 
30 000 ,200 ,75 ,0.51 
28 000 ,190 ,72 ,0.48 
26 000 ,170 ,68 ,0.44 
27 000 ,170 ,73 ,0.46 
27 000 ,160 ,73 ,0.44 
28 000 ,160 ,77 ,0.45 
27 000 ,150 ,77 ,0.42 
26 000 ,130 ,74 ,0.37 
27 000 ,120 ,78 ,0.36 
26 000 ,110 ,78 ,0.33 
27 000 ,100 ,80 ,0.32 
25 000 ,90 ,76 ,0.28 
25 000 ,82 ,76 ,0.25 
24 000 ,72 ,74 ,0.23 
23 000 ,63 ,72 ,0.2 
23 000 ,59 ,74 ,0.19 
5 ,,6.5 ,
7 ,,9.5 ,
6 ,,7.6 ,
10 ,,13 ,
3 ,,4.2 ,
8 ,,9.5 ,
9 ,,11 ,
5 ,,5.4 ,
6 ,,6.8 ,
14 ,,17 ,
12 ,,14 ,
8 ,,10 ,
13 ,,17 ,
6 ,,8.1 ,
12 ,,17 ,
14 ,,21 ,
93 000 ,28 000 ,370 ,111 
90 000 ,27 000 ,370 ,111 
88 000 ,26 000 ,376 ,112 
86 000 ,26 000 ,380 ,113 
84 000 ,25 000 ,383 ,112 
82 000 ,24 000 ,384 ,111 
79 000 ,23 000 ,385 ,110 
76 000 ,21 000 ,382 ,107 
73 000 ,20 000 ,379 ,104 
70 000 ,19 000 ,377 ,101 
66 000 ,17 000 ,368 ,96 
61 000 ,15 000 ,350 ,89 
56 000 ,14 000 ,334 ,82 
52 000 ,12 000 ,320 ,76 
48 000 ,11 000 ,308 ,70 
45 000 ,9 600 ,297 ,64 
7 ,2 ,7.5 ,2.1 
3 ,1 ,3.8 ,1.1 
12 ,6 ,13 ,6.8 
3 ,2 ,3.9 ,2.7 
7 ,6 ,7.8 ,6.3 
8 ,3 ,9.2 ,3.1 
3 ,0 ,4.0 ,0.03 
1 ,0 ,1.3 ,0 
2 ,0 ,2.7 ,0.01 
5 ,0 ,5.5 ,0.41 
7 ,6 ,8.4 ,6.8 
3 ,,3.4 ,
1 ,,1.4 ,
5 ,,5.7 ,
1 ,,1.5 ,
5 ,,5.9 ,
11 000 ,790 ,25 ,1.8 
11 000 ,750 ,25 ,1.7 
10 000 ,720 ,24 ,1.7 
10 000 ,700 ,24 ,1.7 
11 000 ,770 ,27 ,1.8 
8 400 ,570 ,20 ,1.4 
8 900 ,590 ,22 ,1.5 
11 000 ,690 ,26 ,1.7 
12 000 ,760 ,29 ,1.9 
11 000 ,700 ,28 ,1.8 
12 000 ,750 ,31 ,1.9 
13 000 ,790 ,34 ,2 
12 000 ,730 ,33 ,1.9 
13 000 ,750 ,35 ,2 
13 000 ,720 ,35 ,1.9 
14 000 ,710 ,37 ,1.9 
1 200 ,110 ,41 ,3.7 
1 400 ,85 ,45 ,2.8 
1 500 ,70 ,49 ,2.3 
1 600 ,83 ,53 ,2.8 
1 700 ,56 ,58 ,1.9 
1 900 ,25 ,63 ,0.86 
2 000 ,27 ,67 ,0.91 
2 100 ,28 ,71 ,0.95 
2 200 ,29 ,75 ,0.97 
2 300 ,29 ,77 ,0.96 
2 300 ,28 ,77 ,0.92 
2 300 ,25 ,76 ,0.83 
2 200 ,22 ,74 ,0.72 
2 100 ,17 ,70 ,0.57 
2 000 ,13 ,66 ,0.43 
1 900 ,9 ,61 ,0.3 
1 400 ,29 ,6.0 ,0.12 
1 500 ,32 ,6.5 ,0.13 
1 400 ,37 ,6.2 ,0.16 
1 500 ,18 ,6.6 ,0.08 
1 400 ,27 ,6.3 ,0.12 
1 400 ,51 ,6.5 ,0.23 
1 500 ,58 ,6.8 ,0.27 
1 400 ,57 ,6.5 ,0.27 
1 300 ,45 ,6.1 ,0.21 
1 300 ,46 ,6.5 ,0.22 
1 200 ,41 ,5.9 ,0.2 
1 200 ,41 ,6.2 ,0.2 
1 100 ,35 ,5.5 ,0.18 
1 200 ,37 ,6.0 ,0.19 
1 100 ,36 ,5.8 ,0.18 
1 200 ,37 ,6.3 ,0.2 
650 ,16 ,7.6 ,0.19 
650 ,16 ,7.6 ,0.18 
720 ,17 ,8.5 ,0.2 
710 ,16 ,8.4 ,0.19 
770 ,17 ,9.2 ,0.2 
760 ,17 ,9.1 ,0.2 
760 ,16 ,9.1 ,0.19 
840 ,17 ,10 ,0.21 
930 ,19 ,11 ,0.22 
980 ,19 ,12 ,0.23 
1 100 ,20 ,13 ,0.24 
1 000 ,19 ,13 ,0.23 
1 100 ,19 ,13 ,0.23 
1 200 ,20 ,15 ,0.25 
1 200 ,19 ,14 ,0.23 
1 400 ,21 ,17 ,0.26 
6 800 ,110 ,69 ,1.1 
7 400 ,160 ,77 ,1.6 
8 000 ,130 ,85 ,1.3 
8 900 ,150 ,95 ,1.6 
10 000 ,49 ,109 ,0.53 
12 000 ,89 ,128 ,0.98 
14 000 ,96 ,154 ,1.1 
17 000 ,100 ,187 ,1.2 
20 000 ,110 ,229 ,1.3 
24 000 ,120 ,279 ,1.4 
29 000 ,130 ,341 ,1.5 
35 000 ,140 ,412 ,1.6 
41 000 ,140 ,489 ,1.7 
47 000 ,140 ,564 ,1.7 
52 000 ,130 ,630 ,1.6 
55 000 ,110 ,681 ,1.4 
71 ,22 ,18 ,5.7 
58 ,17 ,15 ,4.3 
38 ,11 ,10 ,2.8 
37 ,11 ,9.9 ,2.8 
47 ,15 ,13 ,4.2 
36 ,13 ,9.9 ,3.7 
52 ,19 ,15 ,5.5 
56 ,20 ,16 ,5.8 
53 ,20 ,15 ,5.8 
69 ,27 ,21 ,7.9 
55 ,21 ,17 ,6.5 
61 ,23 ,19 ,7.3 
44 ,16 ,14 ,5.1 
51 ,19 ,16 ,6.1 
69 ,26 ,23 ,8.5 
94 ,35 ,32 ,12 
250 ,12 ,18 ,0.84 
240 ,11 ,18 ,0.84 
240 ,11 ,18 ,0.84 
260 ,12 ,19 ,0.92 
260 ,12 ,20 ,0.94 
280 ,11 ,22 ,0.84 
370 ,12 ,31 ,0.98 
350 ,11 ,31 ,1 
340 ,12 ,33 ,1.1 
320 ,12 ,34 ,1.2 
320 ,11 ,37 ,1.3 
280 ,9 ,35 ,1.2 
300 ,,39 ,
220 ,,30 ,
220 ,,31 ,
240 ,,36 ,
362 000 ,630 ,225 ,0.39 
362 000 ,640 ,227 ,0.4 
352 000 ,620 ,224 ,0.39 
349 000 ,600 ,225 ,0.39 
345 000 ,580 ,225 ,0.38 
341 000 ,540 ,225 ,0.36 
337 000 ,500 ,225 ,0.34 
333 000 ,460 ,225 ,0.31 
329 000 ,410 ,225 ,0.28 
326 000 ,350 ,225 ,0.24 
321 000 ,300 ,225 ,0.21 
317 000 ,240 ,225 ,0.17 
312 000 ,190 ,225 ,0.14 
306 000 ,150 ,225 ,0.11 
301 000 ,100 ,225 ,0.08 
295 000 ,74 ,225 ,0.06 
0 ,0 ,0,0
6 ,3 ,2.0 ,1.2 
5 ,5 ,1.6 ,1.6 
5 ,5 ,1.6 ,1.6 
0 ,0 ,0,0
7 ,0 ,2.5 ,0.16 
2 ,0 ,0.8 ,0.01 
3 ,2 ,1.2 ,0.83 
18 ,14 ,6.7 ,5 
6 ,2 ,2.1 ,0.69 
14 ,4 ,5.0 ,1.6 
22 ,6 ,8.0 ,2.3 
14 ,4 ,5.1 ,1.4 
6 ,1 ,2.1 ,0.53 
7 ,2 ,2.5 ,0.59 
3 ,1 ,1.3 ,0.28 
5 200 ,300 ,55 ,3.2 
5 500 ,310 ,58 ,3.3 
5 800 ,300 ,61 ,3.2 
6 100 ,270 ,64 ,2.9 
6 300 ,260 ,67 ,2.7 
6 500 ,250 ,69 ,2.6 
6 700 ,230 ,70 ,2.4 
6 800 ,210 ,72 ,2.2 
6 900 ,170 ,73 ,1.8 
7 000 ,140 ,73 ,1.5 
7 100 ,110 ,74 ,1.2 
7 100 ,85 ,73 ,0.87 
7 400 ,76 ,76 ,0.78 
7 800 ,67 ,79 ,0.68 
8 100 ,56 ,82 ,0.57 
8 300 ,44 ,83 ,0.45 
1 100 ,84 ,9.4 ,0.74 
1 000 ,80 ,9.1 ,0.71 
1 000 ,76 ,9.3 ,0.68 
1 000 ,70 ,9.4 ,0.63 
1 100 ,68 ,10 ,0.62 
1 200 ,64 ,11 ,0.59 
1 100 ,59 ,9.7 ,0.54 
1 100 ,61 ,10 ,0.57 
1 100 ,64 ,10 ,0.6 
1 200 ,71 ,11 ,0.67 
1 200 ,76 ,12 ,0.72 
1 300 ,85 ,12 ,0.81 
1 200 ,76 ,12 ,0.73 
1 400 ,83 ,13 ,0.8 
1 500 ,87 ,15 ,0.84 
1 500 ,80 ,14 ,0.78 
90 ,21 ,25 ,5.8 
83 ,21 ,24 ,6 
140 ,37 ,40 ,11 
97 ,26 ,29 ,7.7 
85 ,22 ,26 ,6.6 
170 ,41 ,52 ,13 
100 ,21 ,32 ,6.7 
100 ,17 ,33 ,5.7 
72 ,12 ,24 ,3.9 
98 ,16 ,34 ,5.6 
120 ,19 ,41 ,6.7 
95 ,15 ,35 ,5.3 
110 ,16 ,42 ,6 
160 ,20 ,59 ,7.7 
160 ,18 ,61 ,6.9 
120 ,11 ,49 ,4.6 
6 600 ,1 000 ,60 ,9.2 
6 500 ,1 000 ,61 ,9.6 
6 600 ,1 000 ,64 ,10 
6 600 ,1 100 ,66 ,11 
6 600 ,1 100 ,67 ,11 
6 500 ,1 100 ,68 ,11 
6 400 ,1 100 ,69 ,11 
6 200 ,1 000 ,69 ,11 
6 000 ,940 ,69 ,11 
6 000 ,880 ,71 ,10 
6 000 ,890 ,73 ,11 
5 900 ,910 ,75 ,11 
5 900 ,920 ,78 ,12 
6 000 ,930 ,80 ,13 
6 000 ,930 ,83 ,13 
6 000 ,920 ,86 ,13 
1 200 ,110 ,155 ,14 
1 300 ,110 ,174 ,15 
1 400 ,110 ,179 ,15 
1 400 ,110 ,190 ,15 
1 500 ,110 ,211 ,16 
1 600 ,110 ,228 ,16 
1 400 ,91 ,199 ,13 
1 200 ,72 ,173 ,10 
1 200 ,68 ,183 ,10 
1 100 ,56 ,172 ,8.4 
1 300 ,54 ,193 ,8.4 
1 200 ,46 ,195 ,7.3 
1 300 ,41 ,208 ,6.6 
1 400 ,35 ,227 ,5.9 
1 300 ,26 ,223 ,4.5 
1 400 ,21 ,253 ,3.7 
13 000 ,550 ,117 ,5.1 
13 000 ,520 ,120 ,5 
13 000 ,370 ,123 ,3.5 
13 000 ,420 ,127 ,4.1 
13 000 ,430 ,131 ,4.2 
13 000 ,430 ,135 ,4.3 
14 000 ,430 ,139 ,4.4 
14 000 ,430 ,144 ,4.5 
14 000 ,430 ,148 ,4.6 
14 000 ,440 ,153 ,4.7 
14 000 ,440 ,158 ,4.9 
15 000 ,450 ,163 ,5.1 
15 000 ,470 ,168 ,5.3 
15 000 ,480 ,173 ,5.6 
15 000 ,500 ,179 ,5.9 
15 000 ,520 ,184 ,6.2 
1 400 ,4 ,37 ,0.1 
1 600 ,4 ,42 ,0.11 
1 800 ,4 ,47 ,0.11 
2 000 ,4 ,51 ,0.11 
2 100 ,4 ,55 ,0.11 
2 300 ,4 ,59 ,0.11 
2 400 ,4 ,63 ,0.11 
2 500 ,4 ,66 ,0.11 
2 700 ,4 ,69 ,0.11 
2 800 ,4 ,72 ,0.1 
2 900 ,4 ,75 ,0.1 
3 000 ,4 ,78 ,0.09 
3 100 ,3 ,81 ,0.09 
3 200 ,3 ,85 ,0.09 
3 400 ,3 ,90 ,0.09 
3 600 ,3 ,96 ,0.09 
8 000 ,4 800 ,356 ,213 
8 500 ,5 100 ,385 ,229 
9 000 ,5 400 ,414 ,248 
9 500 ,5 800 ,445 ,271 
10 000 ,6 300 ,480 ,301 
11 000 ,6 900 ,518 ,335 
11 000 ,7 400 ,557 ,369 
12 000 ,7 900 ,598 ,403 
12 000 ,8 500 ,641 ,441 
13 000 ,9 200 ,684 ,483 
14 000 ,9 600 ,728 ,515 
14 000 ,10 000 ,773 ,547 
15 000 ,10 000 ,816 ,578 
15 000 ,11 000 ,855 ,607 
16 000 ,11 000 ,888 ,631 
16 000 ,11 000 ,914 ,648 
84 000 ,13 000 ,41 ,6.3 
85 000 ,13 000 ,41 ,6.5 
87 000 ,14 000 ,43 ,7 
86 000 ,14 000 ,43 ,7.1 
89 000 ,15 000 ,45 ,7.6 
86 000 ,16 000 ,43 ,7.9 
90 000 ,18 000 ,46 ,9 
84 000 ,16 000 ,43 ,8.3 
86 000 ,15 000 ,45 ,7.9 
89 000 ,15 000 ,47 ,7.7 
93 000 ,15 000 ,49 ,8.1 
100 000 ,17 000 ,54 ,9.1 
97 000 ,17 000 ,53 ,9.5 
94 000 ,16 000 ,52 ,9.1 
86 000 ,15 000 ,48 ,8.2 
90 000 ,15 000 ,51 ,8.4 
240 ,1 ,58 ,0.15 
230 ,0 ,55 ,0.12 
240 ,1 ,59 ,0.15 
280 ,1 ,69 ,0.3 
260 ,2 ,66 ,0.61 
270 ,2 ,69 ,0.6 
240 ,1 ,63 ,0.27 
260 ,0 ,67 ,0.11 
240 ,0 ,64 ,0.11 
230 ,1 ,63 ,0.14 
190 ,1 ,52 ,0.21 
210 ,2 ,60 ,0.57 
240 ,2 ,69 ,0.54 
260 ,2 ,77 ,0.46 
250 ,1 ,74 ,0.3 
350 ,1 ,107 ,0.44 
1 700 ,4 ,24 ,0.05 
1 900 ,4 ,27 ,0.06 
2 100 ,6 ,29 ,0.08 
2 300 ,5 ,32 ,0.06 
2 500 ,7 ,34 ,0.1 
2 800 ,3 ,38 ,0.04 
3 100 ,3 ,41 ,0.04 
3 400 ,3 ,45 ,0.04 
3 700 ,3 ,48 ,0.04 
3 900 ,3 ,51 ,0.04 
4 100 ,3 ,54 ,0.04 
4 300 ,3 ,55 ,0.03 
4 400 ,3 ,56 ,0.03 
4 400 ,2 ,56 ,0.03 
4 500 ,2 ,57 ,0.03 
4 600 ,2 ,58 ,0.03 
9 400 ,890 ,52 ,4.9 
9 400 ,1 100 ,54 ,6 
9 200 ,1 200 ,54 ,7 
9 200 ,1 300 ,55 ,8.1 
9 100 ,1 500 ,57 ,9.2 
9 100 ,1 600 ,58 ,10 
9 000 ,1 700 ,60 ,11 
8 900 ,2 100 ,61 ,15 
8 800 ,2 500 ,62 ,17 
8 700 ,2 700 ,63 ,20 
8 600 ,2 900 ,64 ,21 
8 500 ,3 000 ,65 ,23 
8 400 ,3 200 ,66 ,25 
8 300 ,3 400 ,67 ,28 
8 200 ,3 600 ,69 ,31 
8 200 ,3 900 ,70 ,33 
14 000 ,1 900 ,122 ,17 
14 000 ,1 800 ,126 ,17 
13 000 ,2 000 ,128 ,19 
13 000 ,2 500 ,133 ,25 
14 000 ,2 900 ,138 ,30 
14 000 ,3 100 ,144 ,33 
14 000 ,3 400 ,152 ,37 
14 000 ,3 600 ,160 ,41 
14 000 ,3 900 ,169 ,46 
15 000 ,4 300 ,181 ,52 
15 000 ,4 700 ,195 ,59 
16 000 ,5 100 ,211 ,67 
17 000 ,5 600 ,230 ,75 
18 000 ,6 100 ,250 ,85 
19 000 ,6 500 ,270 ,94 
20 000 ,6 900 ,290 ,102 
36 000 ,8 500 ,159 ,38 
36 000 ,8 800 ,165 ,40 
37 000 ,9 100 ,170 ,42 
37 000 ,9 800 ,178 ,47 
38 000 ,9 900 ,186 ,48 
39 000 ,10 000 ,196 ,51 
41 000 ,11 000 ,207 ,58 
42 000 ,13 000 ,219 ,66 
44 000 ,14 000 ,233 ,72 
46 000 ,15 000 ,249 ,79 
48 000 ,16 000 ,267 ,86 
51 000 ,17 000 ,288 ,95 
54 000 ,18 000 ,309 ,104 
57 000 ,19 000 ,330 ,113 
59 000 ,21 000 ,350 ,122 
61 000 ,21 000 ,367 ,129 
720 ,84 ,139 ,16 
710 ,66 ,138 ,13 
720 ,60 ,143 ,12 
720 ,86 ,144 ,17 
720 ,96 ,145 ,19 
720 ,94 ,147 ,19 
720 ,89 ,148 ,18 
720 ,79 ,149 ,16 
720 ,66 ,151 ,14 
730 ,50 ,152 ,10 
730 ,34 ,153 ,7.2 
720 ,35 ,155 ,7.5 
720 ,36 ,156 ,7.7 
720 ,36 ,157 ,7.9 
710 ,36 ,159 ,8 
700 ,35 ,160 ,8 
59 000 ,1 400 ,380 ,9.2 
60 000 ,1 800 ,390 ,11 
60 000 ,2 200 ,400 ,15 
61 000 ,2 700 ,411 ,18 
62 000 ,3 100 ,423 ,22 
63 000 ,4 000 ,436 ,28 
64 000 ,4 700 ,450 ,33 
65 000 ,8 900 ,465 ,64 
66 000 ,5 400 ,480 ,39 
67 000 ,5 600 ,496 ,42 
68 000 ,6 000 ,511 ,45 
69 000 ,6 400 ,527 ,49 
70 000 ,6 900 ,542 ,53 
70 000 ,7 400 ,556 ,58 
71 000 ,7 700 ,567 ,62 
70 000 ,8 000 ,575 ,65 
49 000 ,18 000 ,212 ,76 
50 000 ,19 000 ,220 ,82 
52 000 ,20 000 ,235 ,89 
52 000 ,20 000 ,242 ,92 
53 000 ,20 000 ,251 ,96 
54 000 ,19 000 ,260 ,94 
54 000 ,20 000 ,271 ,97 
55 000 ,22 000 ,282 ,112 
56 000 ,22 000 ,292 ,117 
56 000 ,23 000 ,303 ,122 
56 000 ,23 000 ,311 ,126 
56 000 ,23 000 ,318 ,129 
55 000 ,23 000 ,321 ,131 
54 000 ,22 000 ,321 ,131 
52 000 ,21 000 ,317 ,130 
49 000 ,20 000 ,309 ,125 
1 800 ,150 ,5.1 ,0.4 
1 800 ,140 ,5.1 ,0.4 
1 900 ,130 ,5.3 ,0.36 
1 900 ,96 ,5.5 ,0.27 
1 600 ,66 ,4.8 ,0.19 
1 600 ,61 ,4.6 ,0.18 
1 800 ,90 ,5.3 ,0.27 
1 800 ,230 ,5.4 ,0.68 
1 700 ,220 ,5.3 ,0.66 
1 800 ,210 ,5.4 ,0.66 
1 800 ,210 ,5.5 ,0.66 
1 800 ,200 ,5.6 ,0.64 
1 900 ,210 ,5.9 ,0.66 
1 900 ,210 ,6.1 ,0.67 
2 000 ,220 ,6.6 ,0.7 
2 000 ,210 ,6.5 ,0.67 
19 000 ,8 600 ,391 ,176 
18 000 ,8 300 ,375 ,173 
17 000 ,8 000 ,359 ,170 
17 000 ,8 500 ,378 ,184 
18 000 ,9 100 ,402 ,200 
19 000 ,9 800 ,431 ,221 
20 000 ,11 000 ,467 ,245 
22 000 ,12 000 ,511 ,273 
24 000 ,13 000 ,561 ,308 
26 000 ,14 000 ,620 ,350 
28 000 ,16 000 ,687 ,398 
30 000 ,18 000 ,762 ,454 
33 000 ,20 000 ,842 ,513 
36 000 ,22 000 ,923 ,574 
38 000 ,24 000 ,1001 ,632 
40 000 ,26 000 ,1073 ,685 
21 000 ,6 400 ,152 ,45 
22 000 ,6 700 ,159 ,49 
20 000 ,6 300 ,151 ,48 
19 000 ,6 400 ,151 ,50 
19 000 ,6 400 ,151 ,52 
18 000 ,6 300 ,151 ,53 
17 000 ,6 200 ,151 ,54 
17 000 ,6 100 ,151 ,55 
16 000 ,6 100 ,151 ,56 
16 000 ,6 000 ,151 ,57 
15 000 ,5 900 ,151 ,58 
15 000 ,5 700 ,151 ,59 
14 000 ,5 500 ,152 ,59 
14 000 ,5 300 ,152 ,59 
13 000 ,5 000 ,152 ,57 
13 000 ,4 600 ,151 ,55 
3 000 ,150 ,16 ,0.82 
2 700 ,130 ,15 ,0.75 
2 800 ,130 ,16 ,0.74 
2 800 ,130 ,16 ,0.72 
2 800 ,120 ,16 ,0.73 
2 700 ,120 ,16 ,0.69 
2 800 ,110 ,16 ,0.68 
2 800 ,110 ,17 ,0.68 
2 800 ,110 ,17 ,0.66 
2 900 ,110 ,18 ,0.68 
2 900 ,100 ,18 ,0.65 
3 100 ,110 ,19 ,0.67 
2 600 ,87 ,16 ,0.55 
2 800 ,91 ,18 ,0.59 
3 500 ,110 ,23 ,0.71 
3 500 ,110 ,23 ,0.7 
918 000 ,15 000 ,67 ,1.1 
942 000 ,15 000 ,69 ,1.1 
974 000 ,15 000 ,72 ,1.1 
1 020 000 ,16 000 ,76 ,1.2 
1 030 000 ,15 000 ,77 ,1.1 
1 040 000 ,15 000 ,78 ,1.1 
1 110 000 ,16 000 ,83 ,1.2 
1 120 000 ,16 000 ,85 ,1.2 
1 130 000 ,16 000 ,86 ,1.2 
1 170 000 ,16 000 ,89 ,1.2 
1 200 000 ,16 000 ,92 ,1.2 
1 230 000 ,16 000 ,95 ,1.2 
1 270 000 ,16 000 ,98 ,1.2 
1 310 000 ,16 000 ,102 ,1.2 
1 340 000 ,15 000 ,105 ,1.2 
1 380 000 ,15 000 ,109 ,1.2 
15 000 ,2 100 ,31 ,4.4 
15 000 ,2 100 ,30 ,4.3 
15 000 ,2 200 ,31 ,4.6 
15 000 ,2 500 ,32 ,5.3 
15 000 ,2 600 ,32 ,5.5 
14 000 ,2 200 ,31 ,4.9 
14 000 ,1 800 ,31 ,3.9 
14 000 ,1 200 ,32 ,2.8 
14 000 ,780 ,31 ,1.8 
14 000 ,630 ,32 ,1.4 
13 000 ,700 ,30 ,1.6 
14 000 ,730 ,33 ,1.7 
15 000 ,720 ,35 ,1.7 
14 000 ,670 ,34 ,1.6 
14 000 ,640 ,35 ,1.6 
15 000 ,620 ,36 ,1.5 
270 ,9 ,35 ,1.1 
270 ,9 ,35 ,1.1 
260 ,8 ,34 ,1.1 
250 ,8 ,34 ,1.1 
250 ,3 ,34 ,0.46 
230 ,1 ,33 ,0.12 
230 ,0 ,33 ,0.04 
230 ,0 ,34 ,0.03 
230 ,1 ,35 ,0.13 
230 ,4 ,36 ,0.63 
220 ,4 ,36 ,0.65 
220 ,0 ,36 ,0.04 
220 ,,37 ,
220 ,,37 ,
210 ,,38 ,
210 ,,39 ,
18 000 ,6 400 ,379 ,138 
17 000 ,6 300 ,381 ,140 
17 000 ,6 200 ,382 ,142 
16 000 ,6 100 ,382 ,143 
16 000 ,6 000 ,383 ,144 
16 000 ,6 000 ,386 ,147 
16 000 ,6 000 ,393 ,152 
15 000 ,6 100 ,403 ,159 
15 000 ,6 200 ,413 ,167 
15 000 ,6 300 ,422 ,175 
15 000 ,6 400 ,426 ,182 
14 000 ,6 400 ,423 ,186 
14 000 ,6 300 ,413 ,188 
13 000 ,6 100 ,398 ,187 
12 000 ,5 800 ,379 ,183 
11 000 ,5 500 ,356 ,177 
2 ,0 ,7.8 ,0.01 
3 ,0 ,12 ,0.01 
2 ,0 ,11 ,0.01 
1 ,0 ,5.6 ,0.01 
1 ,0 ,5.6 ,0.01 
0 ,,0,
2 ,,11 ,
2 ,,11 ,
2 ,,8.7 ,
1 ,,5.9 ,
1 ,,5.9 ,
1 ,,6.0 ,
0 ,,0,
1 ,,6.3 ,
2 ,,13 ,
1 ,,6.5 ,
530 ,41 ,11 ,0.86 
580 ,50 ,12 ,1.1 
510 ,48 ,11 ,1 
590 ,57 ,13 ,1.2 
640 ,61 ,14 ,1.3 
620 ,57 ,14 ,1.3 
550 ,50 ,12 ,1.1 
630 ,56 ,14 ,1.3 
690 ,69 ,16 ,1.6 
610 ,61 ,14 ,1.4 
670 ,59 ,16 ,1.4 
890 ,64 ,21 ,1.5 
680 ,35 ,17 ,0.86 
680 ,33 ,17 ,0.81 
790 ,35 ,20 ,0.88 
730 ,30 ,19 ,0.77 
560 ,6 ,13 ,0.15 
570 ,6 ,13 ,0.15 
590 ,6 ,14 ,0.15 
620 ,6 ,14 ,0.15 
710 ,7 ,17 ,0.16 
790 ,7 ,18 ,0.17 
960 ,8 ,22 ,0.19 
1 100 ,9 ,26 ,0.21 
1 100 ,9 ,25 ,0.2 
1 200 ,9 ,27 ,0.2 
1 200 ,9 ,28 ,0.2 
1 300 ,9 ,31 ,0.21 
1 600 ,10 ,36 ,0.23 
1 700 ,10 ,38 ,0.22 
1 600 ,9 ,36 ,0.2 
1 900 ,10 ,42 ,0.22 
800 ,74 ,7.0 ,0.65 
840 ,98 ,7.4 ,0.86 
870 ,100 ,7.7 ,0.91 
840 ,87 ,7.4 ,0.76 
930 ,48 ,8.2 ,0.42 
950 ,10 ,8.4 ,0.09 
820 ,4 ,7.2 ,0.04 
940 ,4 ,8.3 ,0.03 
880 ,3 ,7.8 ,0.03 
880 ,3 ,7.8 ,0.02 
890 ,2 ,7.9 ,0.02 
900 ,1 ,8.0 ,0.01 
970 ,1 ,8.6 ,0.01 
1 000 ,1 ,9.2 ,0.01 
1 100 ,1 ,9.5 ,0.01 
1 400 ,1 ,12 ,0.01 
72 ,1 ,6.2 ,0.12 
45 ,1 ,3.9 ,0.07 
47 ,1 ,4.1 ,0.07 
72 ,1 ,6.4 ,0.11 
59 ,1 ,5.3 ,0.09 
70 ,1 ,6.4 ,0.1 
59 ,1 ,5.4 ,0.08 
55 ,1 ,5.1 ,0.08 
47 ,1 ,4.4 ,0.06 
41 ,1 ,3.9 ,0.05 
39 ,0 ,3.8 ,0.05 
34 ,0 ,3.4 ,0.04 
40 ,0 ,4.0 ,0.05 
23 ,0 ,2.3 ,0.03 
46 ,0 ,4.8 ,0.05 
38 ,0 ,4.0 ,0.04 
550 ,6 ,5.2 ,0.06 
550 ,5 ,5.2 ,0.05 
540 ,5 ,5.1 ,0.05 
650 ,5 ,6.2 ,0.05 
650 ,5 ,6.2 ,0.05 
710 ,5 ,6.8 ,0.05 
730 ,4 ,6.9 ,0.04 
930 ,5 ,8.9 ,0.05 
910 ,5 ,8.8 ,0.04 
1 100 ,5 ,11 ,0.05 
1 100 ,5 ,11 ,0.05 
1 200 ,4 ,12 ,0.04 
1 300 ,4 ,13 ,0.04 
1 300 ,4 ,13 ,0.04 
1 500 ,4 ,14 ,0.04 
1 600 ,4 ,16 ,0.04 
141 000 ,450 ,561 ,1.8 
129 000 ,400 ,515 ,1.6 
122 000 ,370 ,490 ,1.5 
115 000 ,340 ,464 ,1.4 
114 000 ,330 ,464 ,1.3 
106 000 ,290 ,432 ,1.2 
95 000 ,260 ,392 ,1.1 
91 000 ,230 ,374 ,0.96 
74 000 ,180 ,305 ,0.75 
56 000 ,130 ,232 ,0.55 
53 000 ,120 ,224 ,0.5 
56 000 ,120 ,236 ,0.5 
62 000 ,120 ,263 ,0.52 
50 000 ,93 ,216 ,0.4 
37 000 ,63 ,159 ,0.27 
43 000 ,68 ,187 ,0.3 
250 000 ,39 000 ,324 ,50 
243 000 ,39 000 ,325 ,53 
236 000 ,40 000 ,326 ,56 
230 000 ,41 000 ,327 ,59 
223 000 ,42 000 ,327 ,62 
216 000 ,43 000 ,327 ,65 
209 000 ,44 000 ,327 ,69 
202 000 ,45 000 ,327 ,72 
196 000 ,45 000 ,327 ,76 
189 000 ,45 000 ,327 ,78 
183 000 ,45 000 ,327 ,81 
177 000 ,45 000 ,327 ,83 
172 000 ,45 000 ,327 ,85 
167 000 ,44 000 ,327 ,86 
162 000 ,43 000 ,327 ,87 
157 000 ,42 000 ,327 ,87 
340 ,11 ,6.0 ,0.19 
340 ,10 ,6.0 ,0.19 
380 ,12 ,6.7 ,0.21 
390 ,12 ,7.0 ,0.21 
410 ,15 ,7.4 ,0.27 
380 ,11 ,6.9 ,0.21 
340 ,14 ,6.1 ,0.25 
380 ,0 ,6.9 ,0.01 
410 ,0 ,7.5 ,0 
390 ,0 ,7.2 ,0 
450 ,0 ,8.4 ,0 
410 ,7 ,7.6 ,0.14 
450 ,8 ,8.4 ,0.15 
460 ,8 ,8.6 ,0.15 
570 ,9 ,11 ,0.17 
680 ,10 ,13 ,0.2 
3 400 ,200 ,378 ,22 
2 800 ,240 ,317 ,27 
4 000 ,400 ,457 ,46 
4 300 ,490 ,509 ,57 
4 600 ,540 ,547 ,65 
5 200 ,600 ,628 ,72 
4 700 ,470 ,577 ,57 
4 600 ,510 ,568 ,64 
4 000 ,540 ,500 ,68 
3 800 ,530 ,477 ,67 
3 900 ,560 ,499 ,72 
3 700 ,550 ,479 ,71 
4 000 ,610 ,534 ,81 
4 000 ,610 ,535 ,82 
5 200 ,810 ,715 ,110 
5 000 ,750 ,687 ,104 
8 ,0 ,11 ,0.01 
1 ,1 ,1.6 ,1.1 
3 ,3 ,4.8 ,4.8 
8 ,4 ,11 ,5.6 
2 ,0 ,3.2 ,0 
9 ,0 ,13 ,0.16 
5 ,1 ,6.5 ,1.6 
15 ,,21 ,
3 ,,4.9 ,
22 ,,31 ,
12 ,,18 ,
7 ,,10 ,
4 ,,5.8 ,
2 ,,3.3 ,
7 ,,10 ,
7 ,,10 ,
6 300 ,1 600 ,60 ,15 
6 200 ,1 500 ,60 ,14 
6 100 ,1 200 ,60 ,12 
6 300 ,870 ,62 ,8.6 
6 500 ,660 ,65 ,6.5 
6 700 ,620 ,67 ,6.2 
6 800 ,630 ,70 ,6.4 
7 000 ,610 ,73 ,6.3 
7 200 ,610 ,76 ,6.5 
7 400 ,630 ,79 ,6.7 
7 600 ,660 ,82 ,7.1 
7 800 ,700 ,85 ,7.7 
8 000 ,750 ,89 ,8.3 
8 200 ,780 ,92 ,8.9 
8 300 ,810 ,96 ,9.4 
8 500 ,830 ,100 ,9.7 
8 400 ,1 000 ,52 ,6.2 
8 600 ,1 100 ,54 ,6.8 
8 800 ,1 100 ,56 ,6.9 
9 100 ,1 000 ,59 ,6.6 
8 900 ,1 000 ,59 ,6.6 
8 800 ,720 ,59 ,4.8 
8 800 ,710 ,60 ,4.8 
8 800 ,690 ,61 ,4.8 
9 000 ,720 ,63 ,5 
9 300 ,750 ,67 ,5.3 
9 600 ,780 ,70 ,5.7 
10 000 ,820 ,74 ,6.1 
10 000 ,860 ,78 ,6.5 
11 000 ,910 ,84 ,7 
12 000 ,970 ,91 ,7.6 
12 000 ,1 000 ,99 ,8.2 
13 000 ,53 ,15 ,0.06 
13 000 ,49 ,15 ,0.05 
14 000 ,48 ,16 ,0.05 
14 000 ,44 ,17 ,0.05 
15 000 ,41 ,17 ,0.05 
15 000 ,38 ,18 ,0.05 
15 000 ,35 ,19 ,0.04 
15 000 ,32 ,19 ,0.04 
15 000 ,29 ,20 ,0.04 
16 000 ,26 ,21 ,0.03 
16 000 ,24 ,21 ,0.03 
16 000 ,22 ,22 ,0.03 
17 000 ,20 ,23 ,0.03 
17 000 ,18 ,24 ,0.02 
17 000 ,16 ,25 ,0.02 
18 000 ,14 ,26 ,0.02 
2 700 ,210 ,43 ,3.5 
2 500 ,220 ,41 ,3.7 
2 400 ,230 ,39 ,3.8 
2 200 ,230 ,37 ,3.7 
2 100 ,220 ,34 ,3.6 
2 000 ,220 ,33 ,3.6 
1 900 ,230 ,32 ,3.8 
1 900 ,230 ,32 ,3.9 
1 900 ,240 ,32 ,3.9 
1 900 ,220 ,32 ,3.7 
1 800 ,200 ,31 ,3.3 
1 800 ,170 ,30 ,2.8 
1 700 ,140 ,28 ,2.4 
1 600 ,130 ,27 ,2.1 
1 500 ,120 ,27 ,2 
1 600 ,110 ,28 ,2 
1 500 ,730 ,172 ,86 
1 300 ,530 ,162 ,65 
1 200 ,460 ,153 ,57 
1 100 ,420 ,144 ,54 
1 000 ,360 ,136 ,48 
940 ,270 ,129 ,37 
870 ,120 ,123 ,16 
810 ,45 ,117 ,6.5 
750 ,41 ,113 ,6.1 
710 ,37 ,109 ,5.7 
660 ,33 ,106 ,5.3 
630 ,30 ,104 ,4.9 
600 ,26 ,102 ,4.4 
570 ,23 ,101 ,4 
540 ,19 ,98 ,3.5 
510 ,16 ,96 ,3 
3 400 ,180 ,65 ,3.5 
3 900 ,240 ,77 ,4.7 
4 700 ,310 ,94 ,6.2 
5 200 ,440 ,106 ,9.1 
5 000 ,900 ,105 ,19 
4 700 ,890 ,101 ,19 
4 800 ,940 ,104 ,20 
4 900 ,1 000 ,109 ,22 
6 000 ,1 300 ,136 ,30 
5 000 ,1 200 ,116 ,27 
5 900 ,1 500 ,141 ,35 
7 000 ,1 900 ,172 ,46 
7 800 ,2 200 ,198 ,57 
6 500 ,2 000 ,173 ,52 
6 400 ,2 000 ,175 ,54 
6 300 ,2 000 ,177 ,56 
240 ,24 ,18 ,1.8 
270 ,34 ,20 ,2.5 
290 ,41 ,22 ,3.1 
310 ,46 ,24 ,3.5 
340 ,44 ,25 ,3.3 
370 ,40 ,28 ,3 
400 ,40 ,30 ,3 
440 ,44 ,33 ,3.3 
480 ,47 ,36 ,3.5 
520 ,46 ,39 ,3.4 
570 ,41 ,42 ,3.1 
630 ,34 ,46 ,2.5 
700 ,38 ,51 ,2.8 
750 ,41 ,54 ,3 
800 ,44 ,58 ,3.2 
850 ,46 ,61 ,3.3 
191 000 ,16 000 ,192 ,16 
201 000 ,19 000 ,207 ,20 
212 000 ,24 000 ,224 ,25 
220 000 ,31 000 ,239 ,33 
228 000 ,33 000 ,253 ,36 
235 000 ,35 000 ,268 ,40 
241 000 ,37 000 ,282 ,43 
246 000 ,40 000 ,296 ,48 
251 000 ,43 000 ,310 ,53 
256 000 ,46 000 ,325 ,59 
261 000 ,50 000 ,341 ,66 
267 000 ,55 000 ,358 ,74 
272 000 ,59 000 ,376 ,82 
277 000 ,63 000 ,393 ,90 
280 000 ,67 000 ,409 ,97 
280 000 ,69 000 ,421 ,103 
450 ,8 ,51 ,0.93 
470 ,14 ,53 ,1.6 
320 ,12 ,36 ,1.3 
260 ,9 ,30 ,0.98 
270 ,6 ,31 ,0.64 
240 ,1 ,27 ,0.17 
180 ,1 ,21 ,0.06 
130 ,0 ,16 ,0.03 
120 ,0 ,14 ,0.04 
140 ,1 ,17 ,0.06 
170 ,1 ,20 ,0.1 
170 ,1 ,20 ,0.14 
230 ,2 ,28 ,0.27 
190 ,2 ,23 ,0.21 
230 ,2 ,28 ,0.25 
180 ,1 ,22 ,0.18 
310 ,6 ,5.6 ,0.1 
290 ,5 ,5.3 ,0.1 
310 ,5 ,5.6 ,0.1 
300 ,5 ,5.5 ,0.09 
360 ,6 ,6.7 ,0.11 
350 ,5 ,6.6 ,0.1 
460 ,7 ,8.7 ,0.13 
380 ,5 ,7.2 ,0.1 
340 ,5 ,6.5 ,0.09 
320 ,4 ,6.1 ,0.08 
390 ,5 ,7.4 ,0.09 
370 ,4 ,7.0 ,0.08 
450 ,5 ,8.7 ,0.1 
520 ,5 ,9.9 ,0.1 
530 ,5 ,10 ,0.1 
610 ,6 ,12 ,0.11 
5 300 ,410 ,8.2 ,0.63 
5 300 ,390 ,8.2 ,0.62 
5 500 ,400 ,8.6 ,0.63 
5 500 ,390 ,8.6 ,0.62 
5 500 ,380 ,8.7 ,0.61 
5 600 ,380 ,8.9 ,0.6 
5 700 ,380 ,9.1 ,0.61 
6 300 ,410 ,10 ,0.66 
6 300 ,400 ,10 ,0.64 
5 800 ,350 ,9.4 ,0.57 
5 800 ,340 ,9.5 ,0.56 
6 000 ,340 ,9.8 ,0.56 
7 000 ,390 ,12 ,0.64 
6 600 ,350 ,11 ,0.59 
6 800 ,340 ,11 ,0.58 
7 100 ,350 ,12 ,0.59 
8 000 ,250 ,465 ,14 
7 500 ,540 ,444 ,32 
7 000 ,780 ,423 ,47 
7 000 ,1 100 ,436 ,69 
7 100 ,1 400 ,453 ,86 
7 300 ,1 700 ,473 ,112 
7 500 ,2 100 ,499 ,142 
7 800 ,2 500 ,526 ,171 
8 000 ,2 700 ,553 ,189 
8 100 ,2 800 ,576 ,198 
8 200 ,2 800 ,592 ,204 
8 000 ,2 800 ,596 ,205 
7 800 ,2 700 ,590 ,201 
7 400 ,2 500 ,574 ,193 
6 900 ,2 300 ,548 ,181 
6 300 ,2 000 ,515 ,164 
3 500 ,600 ,174 ,30 
3 400 ,660 ,174 ,34 
3 200 ,450 ,173 ,24 
3 200 ,510 ,175 ,28 
3 100 ,520 ,176 ,29 
3 000 ,490 ,178 ,29 
3 000 ,470 ,180 ,29 
2 900 ,470 ,183 ,30 
2 900 ,460 ,186 ,30 
2 800 ,450 ,189 ,31 
2 700 ,440 ,191 ,31 
2 700 ,420 ,192 ,30 
2 600 ,400 ,193 ,30 
2 500 ,370 ,192 ,28 
2 400 ,330 ,189 ,26 
2 300 ,290 ,185 ,24 
4 000 ,260 ,99 ,6.4 
4 300 ,250 ,106 ,6.3 
4 700 ,260 ,116 ,6.3 
4 900 ,240 ,119 ,5.8 
5 100 ,230 ,122 ,5.4 
5 400 ,220 ,127 ,5.1 
5 700 ,200 ,133 ,4.8 
6 100 ,190 ,140 ,4.5 
6 600 ,190 ,149 ,4.3 
7 100 ,180 ,161 ,4.1 
7 900 ,170 ,175 ,3.9 
8 700 ,170 ,192 ,3.8 
9 600 ,170 ,210 ,3.7 
11 000 ,160 ,228 ,3.5 
11 000 ,160 ,243 ,3.3 
12 000 ,150 ,254 ,3.1 
6 500 ,200 ,8.1 ,0.24 
5 000 ,140 ,6.2 ,0.18 
4 800 ,130 ,6.0 ,0.17 
4 600 ,120 ,5.8 ,0.15 
4 700 ,120 ,5.8 ,0.15 
4 700 ,110 ,5.8 ,0.14 
4 800 ,110 ,6.0 ,0.14 
4 800 ,110 ,5.9 ,0.13 
5 400 ,110 ,6.6 ,0.14 
5 900 ,120 ,7.3 ,0.15 
6 600 ,130 ,8.1 ,0.16 
7 100 ,130 ,8.7 ,0.16 
8 100 ,140 ,9.9 ,0.17 
8 000 ,130 ,9.8 ,0.16 
8 000 ,130 ,9.8 ,0.15 
10 000 ,160 ,13 ,0.19 
44 000 ,9 900 ,160 ,36 
44 000 ,10 000 ,165 ,39 
44 000 ,10 000 ,168 ,40 
44 000 ,10 000 ,173 ,40 
44 000 ,11 000 ,178 ,43 
44 000 ,11 000 ,183 ,46 
44 000 ,8 300 ,187 ,35 
44 000 ,7 100 ,191 ,31 
44 000 ,6 700 ,196 ,30 
44 000 ,6 900 ,199 ,31 
43 000 ,7 000 ,203 ,33 
43 000 ,7 100 ,206 ,34 
42 000 ,7 200 ,209 ,35 
42 000 ,7 200 ,212 ,37 
41 000 ,7 200 ,214 ,38 
41 000 ,7 200 ,216 ,38 
490 ,20 ,4.5 ,0.18 
560 ,21 ,5.1 ,0.19 
570 ,21 ,5.1 ,0.19 
600 ,21 ,5.4 ,0.19 
520 ,18 ,4.7 ,0.16 
510 ,17 ,4.6 ,0.15 
620 ,21 ,5.6 ,0.18 
670 ,22 ,6.0 ,0.19 
710 ,22 ,6.4 ,0.2 
710 ,21 ,6.4 ,0.19 
800 ,23 ,7.2 ,0.21 
840 ,23 ,7.6 ,0.21 
680 ,18 ,6.2 ,0.16 
660 ,16 ,6.0 ,0.15 
580 ,14 ,5.3 ,0.12 
810 ,18 ,7.4 ,0.17 
6 ,2 ,5.4 ,2.2 
0 ,0 ,0,0
1 ,0 ,0.6 ,0 
1 ,0 ,1.1 ,0 
2 ,0 ,2.2 ,0 
5 ,1 ,4.4 ,1.1 
6 ,1 ,5.5 ,1.1 
6 ,0 ,5.5 ,0.36 
3 ,0 ,3.3 ,0.02 
1 ,0 ,1.1 ,0 
2 ,,1.7 ,
2 ,,2.2 ,
2 ,,2.2 ,
1 ,,1.1 ,
1 ,,0.6 ,
0 ,,0,
4 200 ,270 ,25 ,1.7 
4 000 ,330 ,25 ,2.1 
4 100 ,390 ,26 ,2.5 
4 300 ,440 ,28 ,2.9 
3 800 ,440 ,25 ,2.9 
4 200 ,530 ,28 ,3.6 
3 600 ,500 ,25 ,3.5 
4 100 ,660 ,29 ,4.7 
3 900 ,760 ,28 ,5.5 
4 500 ,850 ,34 ,6.3 
4 800 ,850 ,36 ,6.4 
4 100 ,680 ,32 ,5.3 
3 300 ,500 ,26 ,4 
3 600 ,490 ,30 ,4 
3 000 ,360 ,25 ,3 
3 600 ,380 ,31 ,3.2 
22 000 ,5 400 ,177 ,43 
22 000 ,5 200 ,177 ,42 
21 000 ,5 000 ,177 ,42 
21 000 ,5 100 ,180 ,44 
21 000 ,5 300 ,183 ,47 
20 000 ,5 300 ,186 ,48 
20 000 ,3 500 ,190 ,33 
20 000 ,3 500 ,195 ,34 
20 000 ,3 500 ,200 ,35 
20 000 ,3 600 ,206 ,36 
20 000 ,3 600 ,210 ,37 
20 000 ,3 600 ,214 ,38 
20 000 ,3 600 ,218 ,39 
20 000 ,3 600 ,221 ,39 
20 000 ,3 600 ,224 ,40 
20 000 ,3 600 ,228 ,41 
6 900 ,1 800 ,373 ,97 
6 600 ,2 500 ,369 ,137 
6 800 ,2 800 ,387 ,159 
6 500 ,2 600 ,382 ,149 
6 300 ,2 600 ,376 ,156 
6 100 ,2 500 ,372 ,155 
5 900 ,2 500 ,369 ,154 
5 800 ,2 400 ,368 ,153 
5 600 ,2 300 ,367 ,151 
5 500 ,2 200 ,366 ,148 
5 300 ,2 100 ,361 ,143 
5 100 ,1 900 ,353 ,135 
4 800 ,1 800 ,342 ,125 
4 500 ,1 600 ,330 ,114 
4 300 ,1 400 ,317 ,102 
4 000 ,1 200 ,305 ,89 
710 ,170 ,93 ,22 
680 ,170 ,89 ,23 
850 ,230 ,112 ,30 
940 ,250 ,123 ,33 
890 ,240 ,117 ,32 
890 ,230 ,118 ,31 
950 ,260 ,127 ,35 
820 ,230 ,109 ,31 
740 ,180 ,100 ,25 
890 ,180 ,119 ,24 
800 ,120 ,108 ,16 
750 ,110 ,102 ,15 
790 ,110 ,106 ,15 
740 ,98 ,99 ,13 
530 ,67 ,71 ,9 
530 ,64 ,71 ,8.6 
21 000 ,3 400 ,194 ,32 
21 000 ,3 900 ,200 ,37 
22 000 ,4 200 ,206 ,40 
22 000 ,4 400 ,213 ,43 
22 000 ,4 500 ,220 ,45 
23 000 ,4 700 ,229 ,47 
23 000 ,5 200 ,238 ,52 
24 000 ,5 600 ,248 ,58 
25 000 ,6 100 ,257 ,63 
25 000 ,6 400 ,266 ,69 
25 000 ,6 800 ,272 ,73 
25 000 ,7 000 ,276 ,77 
25 000 ,7 100 ,277 ,79 
24 000 ,7 100 ,277 ,81 
24 000 ,7 000 ,274 ,81 
23 000 ,6 800 ,270 ,80 
3 500 ,360 ,43 ,4.5 
3 400 ,360 ,43 ,4.5 
3 600 ,380 ,46 ,4.8 
3 700 ,400 ,48 ,5.1 
3 900 ,450 ,52 ,5.9 
3 500 ,420 ,47 ,5.6 
3 600 ,440 ,48 ,6 
3 500 ,420 ,48 ,5.7 
4 400 ,500 ,61 ,7.1 
4 700 ,470 ,66 ,6.8 
5 000 ,420 ,73 ,6.2 
5 500 ,360 ,81 ,5.3 
6 000 ,280 ,91 ,4.2 
6 500 ,320 ,100 ,5 
6 900 ,370 ,108 ,5.8 
7 100 ,410 ,114 ,6.6 
920 ,12 ,9.3 ,0.12 
920 ,11 ,9.3 ,0.11 
1 200 ,14 ,12 ,0.14 
1 300 ,15 ,13 ,0.15 
1 500 ,15 ,15 ,0.15 
1 800 ,18 ,18 ,0.18 
1 500 ,14 ,15 ,0.14 
1 600 ,15 ,16 ,0.15 
1 800 ,16 ,18 ,0.15 
1 900 ,16 ,19 ,0.16 
2 100 ,17 ,21 ,0.17 
2 600 ,20 ,26 ,0.2 
3 100 ,23 ,31 ,0.23 
3 100 ,22 ,31 ,0.21 
3 400 ,22 ,33 ,0.21 
3 500 ,21 ,35 ,0.21 
8 ,0 ,2.4 ,0 
9 ,0 ,2.8 ,0 
13 ,0 ,3.9 ,0 
12 ,0 ,3.6 ,0 
9 ,0 ,2.9 ,0.01 
25 ,0 ,8.0 ,0.12 
10 ,1 ,3.3 ,0.27 
7 ,2 ,2.2 ,0.54 
14 ,3 ,4.5 ,1.1 
15 ,3 ,5.0 ,0.9 
12 ,2 ,3.9 ,0.55 
13 ,1 ,4.3 ,0.43 
6 ,1 ,2.0 ,0.19 
9 ,1 ,3.2 ,0.29 
14 ,1 ,4.9 ,0.42 
15 ,1 ,5.3 ,0.44 
2 840 000 ,113 000 ,217 ,8.6 
2 890 000 ,123 000 ,223 ,9.5 
2 920 000 ,145 000 ,228 ,11 
2 960 000 ,159 000 ,234 ,13 
3 000 000 ,169 000 ,241 ,14 
3 050 000 ,182 000 ,247 ,15 
3 090 000 ,197 000 ,254 ,16 
3 130 000 ,211 000 ,261 ,18 
3 160 000 ,221 000 ,268 ,19 
3 180 000 ,230 000 ,274 ,20 
3 190 000 ,236 000 ,279 ,21 
3 180 000 ,241 000 ,282 ,21 
3 160 000 ,242 000 ,285 ,22 
3 130 000 ,239 000 ,287 ,22 
3 090 000 ,232 000 ,288 ,22 
3 040 000 ,221 000 ,289 ,21 
1 020 000 ,78 000 ,395 ,30 
1 010 000 ,75 000 ,399 ,30 
1 010 000 ,72 000 ,403 ,29 
1 010 000 ,69 000 ,407 ,28 
1 000 000 ,65 000 ,410 ,26 
1 000 000 ,61 000 ,415 ,25 
999 000 ,56 000 ,419 ,23 
998 000 ,50 000 ,424 ,21 
996 000 ,45 000 ,429 ,19 
993 000 ,38 000 ,433 ,17 
989 000 ,32 000 ,437 ,14 
984 000 ,26 000 ,441 ,12 
977 000 ,20 000 ,444 ,8.9 
969 000 ,14 000 ,446 ,6.3 
960 000 ,8 900 ,448 ,4.1 
949 000 ,6 000 ,449 ,2.8 
13 000 ,350 ,16 ,0.44 
13 000 ,340 ,16 ,0.43 
14 000 ,360 ,18 ,0.46 
14 000 ,350 ,18 ,0.45 
14 000 ,330 ,18 ,0.44 
13 000 ,310 ,17 ,0.41 
13 000 ,290 ,17 ,0.39 
12 000 ,260 ,16 ,0.36 
12 000 ,250 ,16 ,0.34 
12 000 ,240 ,16 ,0.33 
12 000 ,220 ,16 ,0.32 
13 000 ,230 ,18 ,0.33 
14 000 ,230 ,20 ,0.34 
14 000 ,220 ,21 ,0.33 
15 000 ,210 ,22 ,0.31 
15 000 ,180 ,22 ,0.27 
16 000 ,16 ,43 ,0.04 
15 000 ,10 ,43 ,0.03 
15 000 ,5 ,45 ,0.02 
15 000 ,4 ,45 ,0.01 
14 000 ,4 ,45 ,0.01 
14 000 ,2 ,45 ,0.01 
14 000 ,2 ,46 ,0.01 
14 000 ,,46 ,
13 000 ,,47 ,
13 000 ,,48 ,
13 000 ,,48 ,
13 000 ,,48 ,
13 000 ,,49 ,
12 000 ,,49 ,
12 000 ,,50 ,
12 000 ,,50 ,
340 ,14 ,7.2 ,0.31 
340 ,14 ,7.3 ,0.3 
410 ,16 ,8.8 ,0.35 
390 ,15 ,8.4 ,0.32 
450 ,17 ,9.6 ,0.36 
450 ,16 ,9.6 ,0.35 
490 ,17 ,11 ,0.38 
490 ,17 ,11 ,0.38 
500 ,17 ,11 ,0.39 
510 ,17 ,12 ,0.39 
490 ,16 ,12 ,0.37 
470 ,14 ,11 ,0.35 
470 ,14 ,12 ,0.34 
430 ,12 ,11 ,0.31 
450 ,12 ,12 ,0.31 
440 ,11 ,12 ,0.29 
320 ,19 ,4.0 ,0.23 
420 ,21 ,5.2 ,0.27 
350 ,17 ,4.5 ,0.21 
580 ,26 ,7.6 ,0.33 
470 ,20 ,6.3 ,0.27 
390 ,17 ,5.3 ,0.22 
400 ,17 ,5.5 ,0.24 
370 ,17 ,5.2 ,0.23 
460 ,20 ,6.6 ,0.29 
390 ,17 ,5.8 ,0.25 
430 ,20 ,6.5 ,0.3 
520 ,27 ,8.1 ,0.42 
540 ,30 ,8.5 ,0.48 
540 ,32 ,8.6 ,0.52 
590 ,37 ,9.6 ,0.61 
620 ,40 ,10 ,0.67 
3 500 ,210 ,5.8 ,0.35 
3 500 ,200 ,5.8 ,0.34 
3 500 ,200 ,5.8 ,0.33 
3 600 ,200 ,6.0 ,0.33 
3 900 ,210 ,6.6 ,0.35 
5 200 ,270 ,8.8 ,0.45 
4 700 ,240 ,7.9 ,0.4 
4 700 ,230 ,8.0 ,0.39 
3 200 ,150 ,5.4 ,0.25 
4 800 ,210 ,8.1 ,0.36 
4 400 ,190 ,7.5 ,0.33 
4 600 ,190 ,7.8 ,0.33 
5 000 ,200 ,8.7 ,0.35 
4 500 ,170 ,7.8 ,0.3 
4 900 ,180 ,8.6 ,0.32 
4 000 ,140 ,7.0 ,0.24 
130 ,31 ,4.6 ,1.1 
110 ,23 ,3.9 ,0.82 
120 ,24 ,4.3 ,0.86 
110 ,22 ,4.1 ,0.81 
130 ,28 ,4.8 ,1 
160 ,38 ,5.9 ,1.4 
170 ,40 ,6.4 ,1.5 
130 ,29 ,4.8 ,1.1 
130 ,31 ,4.8 ,1.2 
120 ,32 ,4.4 ,1.2 
110 ,34 ,4.2 ,1.3 
140 ,49 ,5.4 ,1.8 
150 ,56 ,5.7 ,2.1 
130 ,50 ,5.0 ,1.9 
150 ,58 ,5.8 ,2.2 
160 ,61 ,6.1 ,2.4 
21 000 ,89 ,17 ,0.07 
23 000 ,96 ,18 ,0.08 
24 000 ,100 ,19 ,0.08 
24 000 ,100 ,19 ,0.08 
25 000 ,110 ,20 ,0.08 
26 000 ,110 ,20 ,0.09 
27 000 ,110 ,21 ,0.09 
28 000 ,140 ,22 ,0.11 
28 000 ,100 ,22 ,0.08 
29 000 ,97 ,23 ,0.08 
31 000 ,99 ,25 ,0.08 
34 000 ,100 ,27 ,0.08 
36 000 ,100 ,29 ,0.08 
38 000 ,98 ,30 ,0.08 
41 000 ,98 ,32 ,0.08 
45 000 ,100 ,36 ,0.08 
530 ,1 ,7.0 ,0.01 
480 ,0 ,6.5 ,0.01 
440 ,0 ,6.0 ,0.01 
410 ,0 ,5.9 ,0.01 
410 ,2 ,6.1 ,0.02 
420 ,1 ,6.5 ,0.01 
460 ,0 ,7.4 ,0.01 
440 ,,7.4 ,
420 ,,7.3 ,
470 ,,8.5 ,
460 ,,8.6 ,
410 ,,7.8 ,
400 ,,7.9 ,
390 ,,7.9 ,
430 ,,8.8 ,
380 ,,8.0 ,
16 000 ,500 ,89 ,2.8 
17 000 ,520 ,99 ,3 
20 000 ,530 ,115 ,3.1 
21 000 ,450 ,126 ,2.7 
22 000 ,370 ,135 ,2.2 
24 000 ,420 ,145 ,2.6 
25 000 ,210 ,154 ,1.3 
26 000 ,82 ,162 ,0.52 
27 000 ,71 ,170 ,0.45 
28 000 ,110 ,181 ,0.67 
30 000 ,260 ,191 ,1.7 
30 000 ,240 ,199 ,1.6 
31 000 ,220 ,202 ,1.5 
30 000 ,200 ,199 ,1.3 
29 000 ,170 ,192 ,1.1 
26 000 ,130 ,177 ,0.87 
107 000 ,36 000 ,233 ,78 
110 000 ,39 000 ,246 ,87 
113 000 ,42 000 ,259 ,96 
115 000 ,44 000 ,271 ,104 
118 000 ,46 000 ,285 ,112 
121 000 ,50 000 ,299 ,124 
123 000 ,54 000 ,314 ,137 
126 000 ,57 000 ,330 ,150 
128 000 ,62 000 ,344 ,165 
129 000 ,67 000 ,355 ,183 
128 000 ,67 000 ,361 ,191 
123 000 ,67 000 ,358 ,195 
117 000 ,66 000 ,348 ,196 
108 000 ,63 000 ,332 ,192 
99 000 ,59 000 ,311 ,185 
89 000 ,54 000 ,286 ,174 
620 ,3 ,551 ,2.3 
520 ,2 ,468 ,2 
510 ,1 ,469 ,0.57 
430 ,0 ,406 ,0.41 
430 ,0 ,410 ,0.41 
360 ,2 ,348 ,2 
350 ,150 ,346 ,147 
420 ,,425 ,
420 ,,433 ,
470 ,,501 ,
410 ,,449 ,
390 ,,428 ,
350 ,,399 ,
250 ,,281 ,
240 ,,275 ,
310 ,,373 ,
860 ,2 ,22 ,0.05 
840 ,5 ,22 ,0.13 
810 ,10 ,23 ,0.27 
850 ,16 ,25 ,0.46 
770 ,17 ,24 ,0.52 
1 100 ,22 ,36 ,0.7 
1 100 ,11 ,37 ,0.39 
1 000 ,6 ,37 ,0.22 
740 ,3 ,29 ,0.1 
740 ,2 ,31 ,0.09 
590 ,2 ,26 ,0.08 
640 ,2 ,30 ,0.1 
650 ,2 ,31 ,0.12 
670 ,3 ,33 ,0.15 
570 ,3 ,29 ,0.15 
590 ,4 ,31 ,0.19 
8 500 ,260 ,144 ,4.4 
8 300 ,260 ,142 ,4.5 
8 100 ,210 ,141 ,3.7 
7 900 ,170 ,140 ,3 
7 800 ,180 ,141 ,3.2 
7 900 ,140 ,145 ,2.5 
8 200 ,110 ,153 ,2.1 
8 700 ,160 ,165 ,3 
9 400 ,150 ,179 ,2.8 
10 000 ,140 ,195 ,2.6 
11 000 ,120 ,210 ,2.4 
11 000 ,110 ,224 ,2.1 
12 000 ,93 ,235 ,1.8 
12 000 ,77 ,243 ,1.5 
12 000 ,62 ,246 ,1.2 
12 000 ,48 ,244 ,0.96 
12 000 ,590 ,182 ,8.7 
13 000 ,600 ,189 ,8.9 
13 000 ,610 ,197 ,9.2 
13 000 ,610 ,204 ,9.5 
14 000 ,620 ,213 ,9.7 
14 000 ,620 ,221 ,10 
14 000 ,620 ,230 ,10 
14 000 ,610 ,240 ,10 
15 000 ,580 ,249 ,9.8 
15 000 ,550 ,260 ,9.4 
16 000 ,510 ,270 ,8.8 
16 000 ,450 ,282 ,8 
16 000 ,400 ,293 ,7.2 
17 000 ,340 ,305 ,6.2 
17 000 ,270 ,317 ,5.1 
18 000 ,200 ,330 ,3.7 
800 ,210 ,41 ,10 
980 ,210 ,49 ,10 
1 000 ,170 ,50 ,8.2 
1 000 ,130 ,50 ,6.5 
1 000 ,110 ,50 ,5.3 
1 100 ,100 ,51 ,4.8 
1 100 ,100 ,53 ,4.8 
1 200 ,93 ,57 ,4.3 
1 300 ,80 ,62 ,3.7 
1 500 ,70 ,68 ,3.2 
1 700 ,62 ,75 ,2.8 
1 900 ,55 ,84 ,2.5 
2 200 ,61 ,94 ,2.7 
2 400 ,67 ,104 ,2.9 
2 700 ,72 ,114 ,3.1 
2 900 ,76 ,122 ,3.2 
750 ,9 ,13 ,0.15 
770 ,5 ,14 ,0.09 
790 ,9 ,15 ,0.17 
720 ,370 ,15 ,7.5 
570 ,110 ,12 ,2.5 
590 ,15 ,14 ,0.35 
570 ,48 ,14 ,1.2 
600 ,49 ,15 ,1.2 
550 ,44 ,13 ,1.1 
430 ,34 ,11 ,0.84 
450 ,35 ,11 ,0.87 
450 ,34 ,12 ,0.88 
440 ,32 ,12 ,0.87 
500 ,36 ,14 ,1 
590 ,42 ,18 ,1.2 
660 ,45 ,20 ,1.4 
17 000 ,12 000 ,788 ,566 
18 000 ,13 000 ,852 ,619 
19 000 ,14 000 ,916 ,673 
20 000 ,15 000 ,985 ,731 
21 000 ,16 000 ,1054 ,792 
23 000 ,17 000 ,1119 ,854 
23 000 ,18 000 ,1177 ,901 
24 000 ,18 000 ,1225 ,929 
25 000 ,19 000 ,1259 ,953 
25 000 ,19 000 ,1278 ,965 
25 000 ,19 000 ,1279 ,962 
24 000 ,18 000 ,1259 ,944 
23 000 ,17 000 ,1218 ,909 
22 000 ,16 000 ,1160 ,860 
20 000 ,15 000 ,1084 ,796 
18 000 ,13 000 ,992 ,720 
14 000 ,1 800 ,308 ,40 
14 000 ,1 900 ,308 ,44 
13 000 ,1 800 ,308 ,43 
13 000 ,1 500 ,304 ,37 
12 000 ,1 300 ,299 ,31 
12 000 ,930 ,293 ,23 
11 000 ,430 ,288 ,11 
10 000 ,170 ,282 ,4.5 
9 800 ,160 ,277 ,4.7 
9 200 ,160 ,272 ,4.8 
8 700 ,160 ,267 ,4.9 
8 300 ,160 ,262 ,5 
8 000 ,160 ,256 ,5 
7 700 ,150 ,250 ,5 
7 300 ,150 ,245 ,4.9 
7 000 ,140 ,240 ,4.8 
2 500 ,55 ,40 ,0.87 
2 500 ,120 ,40 ,1.9 
2 500 ,98 ,40 ,1.6 
2 500 ,180 ,40 ,2.9 
2 500 ,210 ,40 ,3.4 
2 500 ,,40 ,
2 500 ,,40 ,
2 400 ,,40 ,
2 400 ,,40 ,
2 400 ,,40 ,
2 300 ,,40 ,
2 300 ,,40 ,
2 200 ,,40 ,
2 200 ,,40 ,
2 200 ,,40 ,
2 100 ,,40 ,
1 600 ,59 ,56 ,2 
1 800 ,63 ,62 ,2.2 
1 900 ,60 ,65 ,2 
2 000 ,51 ,68 ,1.7 
2 200 ,20 ,70 ,0.64 
2 300 ,25 ,73 ,0.8 
2 400 ,470 ,76 ,15 
2 500 ,2 000 ,78 ,62 
2 600 ,2 300 ,80 ,69 
2 700 ,1 700 ,83 ,51 
2 900 ,280 ,86 ,8.4 
3 000 ,10 ,89 ,0.29 
3 200 ,10 ,93 ,0.3 
3 300 ,11 ,97 ,0.31 
3 500 ,11 ,100 ,0.31 
3 600 ,11 ,102 ,0.31 
34 ,3 ,6.1 ,0.51 
28 ,2 ,5.0 ,0.41 
44 ,4 ,8.0 ,0.65 
52 ,4 ,9.7 ,0.77 
29 ,2 ,5.5 ,0.43 
33 ,3 ,6.6 ,0.5 
31 ,2 ,6.3 ,0.46 
32 ,2 ,6.6 ,0.47 
45 ,3 ,9.4 ,0.65 
38 ,2 ,8.2 ,0.54 
43 ,3 ,9.3 ,0.59 
36 ,2 ,7.9 ,0.48 
62 ,4 ,14 ,0.81 
36 ,2 ,8.0 ,0.45 
36 ,2 ,8.1 ,0.44 
51 ,3 ,12 ,0.6 
57 000 ,3 600 ,236 ,15 
55 000 ,3 400 ,235 ,14 
53 000 ,3 200 ,233 ,14 
53 000 ,3 200 ,236 ,14 
52 000 ,3 200 ,238 ,15 
51 000 ,3 300 ,241 ,15 
50 000 ,3 300 ,244 ,16 
49 000 ,3 500 ,248 ,18 
49 000 ,3 700 ,252 ,19 
48 000 ,3 900 ,257 ,20 
48 000 ,4 000 ,262 ,22 
48 000 ,4 200 ,268 ,24 
47 000 ,4 300 ,273 ,25 
47 000 ,4 400 ,280 ,26 
46 000 ,4 300 ,286 ,26 
46 000 ,4 100 ,293 ,26 
33 000 ,18 000 ,193 ,104 
38 000 ,20 000 ,227 ,121 
42 000 ,23 000 ,261 ,145 
46 000 ,28 000 ,294 ,177 
48 000 ,32 000 ,312 ,213 
49 000 ,36 000 ,332 ,245 
50 000 ,35 000 ,352 ,246 
51 000 ,33 000 ,370 ,237 
52 000 ,34 000 ,383 ,249 
51 000 ,36 000 ,392 ,277 
51 000 ,36 000 ,397 ,284 
49 000 ,36 000 ,397 ,287 
48 000 ,35 000 ,397 ,290 
47 000 ,34 000 ,396 ,291 
45 000 ,33 000 ,394 ,291 
44 000 ,32 000 ,392 ,290 
27 000 ,1 500 ,89 ,4.8 
28 000 ,1 700 ,93 ,5.5 
27 000 ,1 800 ,91 ,6.1 
25 000 ,1 800 ,87 ,6.3 
23 000 ,1 800 ,80 ,6.3 
21 000 ,2 000 ,76 ,7.1 
20 000 ,2 200 ,72 ,8 
20 000 ,2 400 ,72 ,8.9 
19 000 ,2 400 ,69 ,9 
18 000 ,2 400 ,70 ,9 
18 000 ,2 100 ,69 ,8.1 
17 000 ,1 800 ,68 ,7 
18 000 ,1 500 ,73 ,6 
17 000 ,1 400 ,68 ,5.6 
17 000 ,1 400 ,71 ,5.9 
17 000 ,1 400 ,74 ,6.1 
190 ,0 ,53 ,0.05 
160 ,0 ,44 ,0.04 
140 ,0 ,41 ,0.04 
140 ,0 ,40 ,0.04 
110 ,0 ,32 ,0.03 
120 ,0 ,36 ,0.04 
130 ,0 ,38 ,0.04 
150 ,0 ,47 ,0.05 
160 ,0 ,50 ,0.05 
120 ,0 ,40 ,0.04 
150 ,0 ,50 ,0.05 
150 ,0 ,50 ,0.05 
170 ,0 ,58 ,0.06 
160 ,0 ,54 ,0.06 
170 ,0 ,61 ,0.06 
170 ,0 ,59 ,0.06 
10 000 ,1 400 ,57 ,7.7 
9 800 ,840 ,58 ,4.9 
9 900 ,670 ,60 ,4.1 
9 800 ,710 ,61 ,4.4 
9 700 ,1 100 ,62 ,7.1 
9 500 ,1 500 ,63 ,10 
9 400 ,1 500 ,64 ,10 
9 200 ,1 500 ,65 ,10 
9 100 ,1 500 ,66 ,11 
9 000 ,1 500 ,68 ,11 
8 900 ,1 500 ,69 ,12 
8 800 ,1 500 ,71 ,12 
8 800 ,1 500 ,73 ,13 
8 700 ,1 600 ,74 ,14 
8 600 ,1 600 ,76 ,14 
8 500 ,1 700 ,77 ,15 
37 ,7 ,8.8 ,1.6 
52 ,2 ,12 ,0.5 
58 ,1 ,14 ,0.31 
48 ,2 ,12 ,0.41 
35 ,3 ,8.3 ,0.79 
33 ,4 ,8.1 ,0.88 
48 ,5 ,12 ,1.3 
55 ,6 ,14 ,1.5 
44 ,4 ,11 ,1.1 
35 ,3 ,8.6 ,0.74 
25 ,2 ,6.4 ,0.45 
21 ,1 ,5.2 ,0.27 
8 ,0 ,2.0 ,0.1 
28 ,1 ,7.1 ,0.32 
18 ,1 ,4.7 ,0.19 
18 ,1 ,4.8 ,0.18 
180 ,0 ,344 ,0.67 
180 ,0 ,335 ,0.68 
190 ,0 ,354 ,0.89 
180 ,0 ,345 ,0.48 
170 ,0 ,331 ,0.26 
240 ,1 ,460 ,1.6 
180 ,1 ,337 ,1.5 
160 ,0 ,299 ,0.64 
200 ,0 ,379 ,0.27 
170 ,0 ,334 ,0.25 
140 ,0 ,267 ,0.3 
150 ,,281 ,
75 ,,144 ,
64 ,,122 ,
70 ,,134 ,
43 ,,81 ,
4 300 ,440 ,107 ,11 
4 400 ,470 ,111 ,12 
4 400 ,490 ,115 ,13 
4 600 ,530 ,121 ,14 
4 700 ,570 ,128 ,15 
4 900 ,610 ,135 ,17 
5 000 ,650 ,143 ,18 
5 200 ,690 ,151 ,20 
5 300 ,720 ,160 ,22 
5 500 ,760 ,170 ,24 
5 700 ,800 ,181 ,25 
5 900 ,840 ,193 ,27 
6 100 ,870 ,206 ,29 
6 400 ,890 ,220 ,31 
6 600 ,900 ,235 ,32 
6 800 ,890 ,250 ,33 
280 ,35 ,22 ,2.7 
280 ,34 ,22 ,2.7 
260 ,30 ,21 ,2.4 
260 ,26 ,21 ,2.1 
270 ,20 ,21 ,1.6 
270 ,18 ,22 ,1.4 
270 ,20 ,22 ,1.6 
270 ,22 ,22 ,1.8 
280 ,19 ,22 ,1.6 
280 ,12 ,23 ,0.95 
280 ,8 ,23 ,0.68 
280 ,6 ,23 ,0.53 
280 ,5 ,24 ,0.45 
290 ,5 ,24 ,0.44 
290 ,5 ,24 ,0.43 
290 ,5 ,24 ,0.4 
27 000 ,3 000 ,21 ,2.3 
26 000 ,2 000 ,21 ,1.6 
25 000 ,1 900 ,21 ,1.5 
25 000 ,2 000 ,21 ,1.7 
25 000 ,3 300 ,21 ,2.7 
24 000 ,1 300 ,21 ,1.1 
24 000 ,1 200 ,20 ,1 
23 000 ,1 100 ,20 ,0.99 
23 000 ,1 100 ,20 ,0.99 
23 000 ,1 100 ,20 ,1 
23 000 ,1 100 ,21 ,1 
24 000 ,1 200 ,22 ,1.1 
25 000 ,1 200 ,23 ,1.2 
26 000 ,1 300 ,25 ,1.3 
28 000 ,1 400 ,27 ,1.4 
30 000 ,1 600 ,29 ,1.5 
130 ,,124 ,
230 ,,226 ,
210 ,,198 ,
180 ,,174 ,
190 ,,179 ,
200 ,,198 ,
190 ,,178 ,
200 ,,196 ,
170 ,,167 ,
130 ,,123 ,
120 ,,115 ,
150 ,,138 ,
130 ,,124 ,
160 ,,148 ,
130 ,,121 ,
110 ,,106 ,
0 ,,0,
0 ,,0,
0 ,,0.8 ,
1 ,,1.6 ,
1 ,,2.3 ,
1 ,,3.1 ,
1 ,,2.7 ,
1 ,,2.3 ,
1 ,,2.0 ,
1 ,,1.6 ,
0 ,,1.2 ,
0 ,,0.8 ,
0 ,,0.4 ,
0 ,,0,
0 ,,0,
0 ,,0,
13 000 ,10 ,428 ,0.34 
12 000 ,10 ,428 ,0.35 
12 000 ,8 ,428 ,0.29 
12 000 ,6 ,428 ,0.21 
12 000 ,4 ,428 ,0.14 
12 000 ,3 ,428 ,0.12 
11 000 ,4 ,428 ,0.16 
11 000 ,6 ,428 ,0.21 
11 000 ,9 ,428 ,0.35 
11 000 ,8 ,428 ,0.3 
11 000 ,5 ,428 ,0.21 
11 000 ,4 ,428 ,0.15 
11 000 ,2 ,428 ,0.1 
10 000 ,2 ,428 ,0.07 
10 000 ,1 ,428 ,0.05 
10 000 ,1 ,428 ,0.03 
130 ,1 ,21 ,0.17 
130 ,1 ,21 ,0.11 
140 ,1 ,22 ,0.09 
110 ,0 ,18 ,0.04 
130 ,0 ,20 ,0.03 
130 ,0 ,20 ,0.08 
130 ,0 ,21 ,0.05 
150 ,0 ,24 ,0.02 
170 ,0 ,27 ,0.02 
190 ,0 ,31 ,0.02 
180 ,0 ,29 ,0.02 
37 000 ,790 ,107 ,2.3 
36 000 ,770 ,106 ,2.3 
35 000 ,740 ,104 ,2.2 
34 000 ,730 ,103 ,2.2 
33 000 ,720 ,101 ,2.2 
32 000 ,700 ,100 ,2.2 
31 000 ,670 ,99 ,2.1 
31 000 ,650 ,99 ,2.1 
31 000 ,630 ,99 ,2 
30 000 ,600 ,99 ,2 
30 000 ,580 ,100 ,1.9 
31 000 ,550 ,102 ,1.8 
31 000 ,520 ,104 ,1.7 
32 000 ,490 ,108 ,1.7 
33 000 ,450 ,112 ,1.5 
34 000 ,410 ,118 ,1.4 
154 000 ,79 000 ,551 ,284 
150 000 ,78 000 ,551 ,287 
146 000 ,79 000 ,551 ,299 
142 000 ,82 000 ,551 ,321 
137 000 ,83 000 ,548 ,332 
132 000 ,83 000 ,545 ,341 
128 000 ,82 000 ,540 ,346 
123 000 ,73 000 ,536 ,318 
119 000 ,57 000 ,531 ,254 
114 000 ,54 000 ,526 ,249 
110 000 ,52 000 ,523 ,245 
107 000 ,49 000 ,520 ,240 
103 000 ,47 000 ,518 ,235 
100 000 ,44 000 ,517 ,229 
97 000 ,42 000 ,515 ,221 
94 000 ,39 000 ,513 ,212 
197 000 ,17 000 ,365 ,32 
197 000 ,18 000 ,369 ,33 
197 000 ,18 000 ,373 ,35 
198 000 ,19 000 ,376 ,36 
198 000 ,20 000 ,380 ,38 
199 000 ,21 000 ,384 ,40 
200 000 ,21 000 ,388 ,41 
200 000 ,22 000 ,392 ,42 
201 000 ,22 000 ,396 ,43 
201 000 ,22 000 ,400 ,44 
202 000 ,22 000 ,403 ,44 
201 000 ,22 000 ,406 ,44 
201 000 ,22 000 ,408 ,44 
200 000 ,21 000 ,410 ,43 
198 000 ,20 000 ,411 ,41 
196 000 ,18 000 ,411 ,38 
12 000 ,4 900 ,489 ,199 
11 000 ,4 900 ,474 ,202 
12 000 ,5 400 ,511 ,229 
13 000 ,5 900 ,546 ,255 
14 000 ,6 900 ,603 ,308 
14 000 ,7 700 ,643 ,353 
15 000 ,8 700 ,696 ,404 
17 000 ,10 000 ,794 ,471 
17 000 ,10 000 ,832 ,489 
18 000 ,11 000 ,893 ,527 
19 000 ,11 000 ,920 ,545 
19 000 ,11 000 ,938 ,559 
18 000 ,11 000 ,915 ,547 
17 000 ,9 900 ,848 ,508 
16 000 ,9 800 ,846 ,505 
13 000 ,8 000 ,711 ,422 
12 ,,113 ,
9 ,,90 ,
8 ,,78 ,
7 ,,67 ,
6 ,,57 ,
3 ,,34 ,
5 ,,46 ,
6 ,,57 ,
3 ,,34 ,
14 ,,137 ,
13 ,,125 ,
7 ,,65 ,
3 ,,34 ,
6 ,,57 ,
3 ,,34 ,
5 ,,46 ,
44 000 ,1 900 ,156 ,6.7 
44 000 ,2 000 ,158 ,7.2 
44 000 ,2 100 ,159 ,7.6 
44 000 ,2 200 ,161 ,8.1 
44 000 ,2 300 ,162 ,8.5 
44 000 ,2 400 ,163 ,8.9 
43 000 ,2 500 ,164 ,9.2 
43 000 ,2 500 ,164 ,9.5 
43 000 ,2 500 ,164 ,9.7 
42 000 ,2 500 ,164 ,9.7 
42 000 ,2 500 ,163 ,9.7 
41 000 ,2 300 ,163 ,9.3 
41 000 ,2 100 ,163 ,8.6 
40 000 ,1 900 ,163 ,7.6 
39 000 ,1 600 ,163 ,6.5 
39 000 ,1 200 ,163 ,5.2 
980 ,71 ,5.8 ,0.42 
940 ,51 ,5.5 ,0.3 
960 ,34 ,5.7 ,0.2 
1 100 ,34 ,6.3 ,0.2 
1 100 ,38 ,6.7 ,0.23 
1 200 ,44 ,7.1 ,0.27 
1 300 ,52 ,7.8 ,0.31 
1 100 ,44 ,6.7 ,0.27 
1 100 ,41 ,6.5 ,0.25 
1 200 ,42 ,7.0 ,0.26 
1 300 ,46 ,7.9 ,0.28 
1 500 ,52 ,9.3 ,0.32 
1 500 ,50 ,9.3 ,0.31 
1 600 ,50 ,9.7 ,0.31 
1 600 ,50 ,10 ,0.31 
1 400 ,42 ,9.0 ,0.27 
340 ,1 ,7.4 ,0.03 
340 ,3 ,7.6 ,0.07 
310 ,0 ,7.0 ,0.01 
340 ,6 ,7.6 ,0.13 
350 ,6 ,8.0 ,0.14 
350 ,6 ,7.9 ,0.13 
340 ,5 ,7.9 ,0.13 
340 ,5 ,7.8 ,0.12 
320 ,5 ,7.4 ,0.11 
400 ,6 ,9.4 ,0.13 
380 ,5 ,9.2 ,0.13 
430 ,6 ,10 ,0.14 
490 ,6 ,12 ,0.16 
380 ,5 ,9.6 ,0.12 
430 ,5 ,11 ,0.14 
400 ,5 ,10 ,0.12 
3 100 ,150 ,51 ,2.5 
3 300 ,160 ,55 ,2.6 
3 400 ,150 ,58 ,2.5 
3 500 ,140 ,59 ,2.4 
3 400 ,130 ,58 ,2.2 
3 100 ,130 ,53 ,2.2 
2 900 ,120 ,50 ,2.1 
2 900 ,130 ,52 ,2.3 
2 900 ,130 ,52 ,2.3 
2 500 ,120 ,46 ,2.1 
2 400 ,120 ,44 ,2.1 
2 800 ,140 ,52 ,2.7 
2 900 ,150 ,54 ,2.9 
2 600 ,150 ,51 ,2.8 
3 100 ,180 ,60 ,3.5 
3 000 ,180 ,60 ,3.6 
19 000 ,1 000 ,95 ,5.2 
19 000 ,1 300 ,98 ,6.8 
19 000 ,1 500 ,102 ,8.2 
19 000 ,1 700 ,105 ,9.6 
18 000 ,1 900 ,109 ,11 
18 000 ,2 000 ,113 ,12 
18 000 ,2 000 ,118 ,13 
19 000 ,2 000 ,123 ,14 
19 000 ,2 200 ,129 ,15 
19 000 ,2 400 ,136 ,17 
19 000 ,2 600 ,143 ,19 
20 000 ,2 700 ,151 ,21 
20 000 ,2 800 ,159 ,23 
20 000 ,2 900 ,168 ,24 
21 000 ,3 000 ,179 ,26 
21 000 ,3 000 ,191 ,27 
586 000 ,100 000 ,322 ,55 
571 000 ,110 000 ,322 ,62 
584 000 ,126 000 ,338 ,73 
570 000 ,136 000 ,339 ,81 
555 000 ,139 000 ,339 ,85 
541 000 ,136 000 ,339 ,86 
528 000 ,136 000 ,340 ,88 
515 000 ,140 000 ,341 ,92 
503 000 ,139 000 ,342 ,94 
491 000 ,137 000 ,343 ,95 
478 000 ,134 000 ,343 ,96 
465 000 ,131 000 ,342 ,97 
450 000 ,128 000 ,339 ,96 
434 000 ,124 000 ,336 ,96 
417 000 ,119 000 ,331 ,94 
399 000 ,112 000 ,325 ,91 
0 ,,8.1 ,
0 ,,0,
0 ,,0,
0 ,,0,
1 ,,81 ,
0 ,,0,
0 ,,0,
0 ,,0,
0 ,,0,
0 ,,0,
0 ,,0,
0 ,,0,
0 ,,0,
5 ,,254 ,
0 ,,0,
0 ,,0,
330 ,8 ,6.3 ,0.15 
350 ,8 ,6.8 ,0.16 
420 ,9 ,8.2 ,0.18 
390 ,8 ,7.9 ,0.17 
370 ,8 ,7.4 ,0.15 
340 ,7 ,6.9 ,0.14 
380 ,7 ,7.8 ,0.15 
340 ,6 ,7.2 ,0.13 
330 ,6 ,6.9 ,0.13 
320 ,6 ,6.8 ,0.12 
320 ,6 ,6.9 ,0.12 
330 ,6 ,7.1 ,0.12 
380 ,6 ,8.4 ,0.14 
280 ,5 ,6.2 ,0.1 
320 ,5 ,7.0 ,0.11 
250 ,4 ,5.7 ,0.09 
380 ,4 ,8.4 ,0.08 
410 ,6 ,9.7 ,0.13 
380 ,6 ,9.7 ,0.16 
440 ,7 ,12 ,0.21 
390 ,6 ,12 ,0.17 
350 ,4 ,12 ,0.14 
380 ,5 ,14 ,0.16 
400 ,7 ,15 ,0.27 
380 ,11 ,15 ,0.42 
390 ,14 ,15 ,0.56 
300 ,13 ,12 ,0.53 
340 ,16 ,14 ,0.67 
290 ,15 ,12 ,0.63 
330 ,16 ,14 ,0.7 
340 ,15 ,15 ,0.68 
370 ,16 ,16 ,0.72 
510 000 ,8 800 ,270 ,4.6 
500 000 ,7 800 ,270 ,4.2 
498 000 ,6 900 ,275 ,3.8 
489 000 ,6 000 ,276 ,3.4 
479 000 ,5 100 ,276 ,2.9 
469 000 ,4 300 ,276 ,2.5 
459 000 ,3 500 ,276 ,2.1 
449 000 ,2 900 ,276 ,1.8 
440 000 ,2 400 ,276 ,1.5 
431 000 ,2 100 ,276 ,1.3 
423 000 ,1 800 ,276 ,1.1 
414 000 ,1 500 ,276 ,0.99 
406 000 ,1 300 ,276 ,0.87 
397 000 ,1 100 ,275 ,0.76 
389 000 ,960 ,275 ,0.68 
381 000 ,830 ,275 ,0.6 
16 ,0 ,76 ,0.06 
16 ,0 ,76 ,0.33 
9 ,0 ,44 ,0.51 
5 ,0 ,22 ,0.37 
14 ,0 ,67 ,0.54 
22 ,0 ,107 ,0.34 
22 ,0 ,107 ,0.12 
17 ,0 ,82 ,0.06 
13 ,0 ,63 ,0.04 
14 ,0 ,69 ,0.05 
12 ,0 ,58 ,0.05 
6 ,0 ,29 ,0.03 
10 ,,53 ,
13 ,,65 ,
13 ,,65 ,
12 ,,65 ,
2 000 ,230 ,50 ,5.7 
1 800 ,220 ,47 ,5.6 
1 800 ,230 ,48 ,6.1 
1 900 ,280 ,51 ,7.4 
2 000 ,310 ,55 ,8.5 
1 900 ,290 ,53 ,7.9 
1 900 ,300 ,54 ,8.4 
2 000 ,330 ,58 ,9.4 
2 000 ,320 ,58 ,9.2 
2 000 ,300 ,61 ,8.9 
2 000 ,260 ,62 ,7.9 
2 100 ,270 ,65 ,8.3 
2 000 ,260 ,63 ,8.1 
2 000 ,250 ,63 ,8 
2 100 ,280 ,70 ,8.9 
1 500 ,190 ,48 ,6.2 
33 000 ,4 900 ,432 ,64 
32 000 ,4 800 ,432 ,64 
32 000 ,4 600 ,432 ,63 
31 000 ,4 500 ,432 ,63 
30 000 ,4 500 ,432 ,64 
30 000 ,4 400 ,432 ,64 
29 000 ,4 300 ,432 ,65 
28 000 ,4 300 ,432 ,65 
28 000 ,4 200 ,432 ,66 
27 000 ,4 200 ,432 ,67 
26 000 ,4 100 ,432 ,68 
26 000 ,4 000 ,432 ,68 
25 000 ,3 900 ,432 ,67 
24 000 ,3 700 ,432 ,65 
24 000 ,3 400 ,432 ,62 
23 000 ,3 100 ,432 ,58 
2 700 ,240 ,41 ,3.6 
2 600 ,260 ,39 ,3.9 
2 600 ,260 ,40 ,4 
2 800 ,220 ,44 ,3.4 
2 700 ,310 ,43 ,4.9 
2 600 ,400 ,42 ,6.5 
2 700 ,320 ,44 ,5.1 
2 600 ,140 ,42 ,2.4 
2 600 ,52 ,44 ,0.87 
2 800 ,56 ,48 ,0.95 
2 500 ,49 ,43 ,0.84 
2 700 ,52 ,47 ,0.9 
2 600 ,50 ,47 ,0.89 
2 400 ,44 ,44 ,0.8 
2 400 ,41 ,44 ,0.77 
2 200 ,37 ,42 ,0.69 
37 000 ,2 300 ,119 ,7.2 
38 000 ,2 200 ,121 ,7.2 
37 000 ,2 200 ,122 ,7.3 
37 000 ,1 800 ,123 ,5.9 
39 000 ,1 100 ,131 ,3.8 
39 000 ,780 ,132 ,2.6 
40 000 ,600 ,137 ,2.1 
40 000 ,800 ,140 ,2.8 
41 000 ,1 900 ,143 ,6.6 
43 000 ,2 000 ,153 ,7.2 
42 000 ,2 000 ,153 ,7.4 
42 000 ,2 100 ,153 ,7.6 
40 000 ,2 000 ,149 ,7.5 
45 000 ,2 300 ,170 ,8.7 
46 000 ,2 400 ,177 ,9.3 
48 000 ,2 600 ,186 ,10 
324 000 ,4 300 ,322 ,4.3 
319 000 ,3 800 ,322 ,3.8 
314 000 ,3 100 ,322 ,3.2 
309 000 ,2 600 ,322 ,2.7 
304 000 ,2 100 ,322 ,2.2 
300 000 ,1 700 ,322 ,1.8 
295 000 ,1 300 ,322 ,1.5 
291 000 ,1 100 ,322 ,1.2 
289 000 ,880 ,325 ,0.98 
290 000 ,750 ,331 ,0.85 
290 000 ,650 ,337 ,0.75 
290 000 ,570 ,343 ,0.67 
290 000 ,500 ,349 ,0.6 
289 000 ,440 ,355 ,0.54 
288 000 ,390 ,362 ,0.49 
287 000 ,330 ,368 ,0.43 
7 200 ,140 ,19 ,0.37 
7 500 ,140 ,19 ,0.37 
8 100 ,150 ,21 ,0.39 
8 100 ,150 ,21 ,0.38 
9 100 ,160 ,24 ,0.42 
8 100 ,140 ,21 ,0.36 
8 800 ,150 ,23 ,0.38 
8 500 ,140 ,22 ,0.36 
9 200 ,150 ,24 ,0.38 
9 200 ,140 ,24 ,0.37 
9 400 ,140 ,25 ,0.37 
10 000 ,140 ,26 ,0.38 
12 000 ,160 ,30 ,0.42 
12 000 ,160 ,30 ,0.41 
12 000 ,150 ,30 ,0.4 
13 000 ,160 ,33 ,0.42 
2 400 ,350 ,23 ,3.4 
2 500 ,350 ,24 ,3.3 
2 700 ,360 ,26 ,3.5 
2 900 ,370 ,27 ,3.5 
2 900 ,350 ,27 ,3.3 
3 000 ,380 ,28 ,3.6 
3 100 ,420 ,29 ,3.9 
3 200 ,490 ,31 ,4.6 
3 400 ,580 ,32 ,5.5 
3 700 ,720 ,35 ,6.8 
3 800 ,840 ,36 ,8 
4 200 ,1 100 ,40 ,10 
4 600 ,1 100 ,44 ,11 
5 000 ,1 200 ,49 ,11 
5 000 ,1 100 ,48 ,11 
4 900 ,1 000 ,47 ,10 
760 ,1 ,34 ,0.03 
530 ,0 ,25 ,0.02 
670 ,1 ,32 ,0.05 
840 ,2 ,42 ,0.1 
640 ,2 ,33 ,0.09 
670 ,1 ,38 ,0.06 
710 ,1 ,45 ,0.04 
650 ,0 ,47 ,0.01 
460 ,0 ,39 ,0.01 
390 ,0 ,39 ,0.04 
370 ,1 ,45 ,0.08 
310 ,1 ,43 ,0.08 
320 ,0 ,48 ,0.06 
320 ,,50 ,
330 ,,53 ,
320 ,,54 ,
40 000 ,480 ,80 ,0.95 
43 000 ,490 ,86 ,0.98 
44 000 ,480 ,89 ,0.97 
47 000 ,480 ,94 ,0.97 
49 000 ,480 ,100 ,0.98 
47 000 ,430 ,96 ,0.89 
46 000 ,400 ,95 ,0.83 
43 000 ,360 ,89 ,0.74 
45 000 ,350 ,93 ,0.72 
45 000 ,330 ,94 ,0.69 
46 000 ,310 ,96 ,0.66 
37 000 ,240 ,78 ,0.5 
39 000 ,230 ,84 ,0.5 
37 000 ,200 ,80 ,0.44 
40 000 ,200 ,86 ,0.42 
23 000 ,100 ,50 ,0.22 
6 200 ,550 ,152 ,13 
6 200 ,460 ,153 ,11 
6 500 ,420 ,159 ,10 
6 500 ,390 ,160 ,9.6 
6 600 ,400 ,162 ,9.7 
6 700 ,380 ,165 ,9.3 
6 900 ,370 ,169 ,9 
7 100 ,360 ,172 ,8.8 
7 200 ,190 ,175 ,4.7 
7 300 ,60 ,176 ,1.4 
7 300 ,11 ,176 ,0.26 
7 200 ,10 ,173 ,0.24 
7 000 ,9 ,168 ,0.22 
6 800 ,8 ,162 ,0.2 
6 500 ,7 ,155 ,0.17 
6 200 ,6 ,148 ,0.14 
16 000 ,420 ,84 ,2.2 
17 000 ,480 ,87 ,2.5 
18 000 ,480 ,90 ,2.4 
19 000 ,420 ,93 ,2.1 
20 000 ,490 ,97 ,2.4 
21 000 ,680 ,105 ,3.4 
24 000 ,810 ,116 ,3.9 
26 000 ,850 ,124 ,4.1 
28 000 ,870 ,131 ,4.2 
29 000 ,890 ,139 ,4.2 
31 000 ,910 ,147 ,4.2 
33 000 ,910 ,154 ,4.2 
35 000 ,910 ,161 ,4.2 
37 000 ,910 ,168 ,4.1 
38 000 ,890 ,175 ,4.1 
40 000 ,900 ,181 ,4.1 
115 000 ,11 000 ,80 ,7.9 
118 000 ,9 100 ,82 ,6.4 
122 000 ,7 800 ,85 ,5.5 
122 000 ,6 900 ,85 ,4.8 
130 000 ,5 900 ,91 ,4.1 
144 000 ,6 200 ,101 ,4.3 
160 000 ,12 000 ,112 ,8.1 
171 000 ,9 000 ,119 ,6.3 
181 000 ,4 000 ,126 ,2.8 
190 000 ,4 300 ,132 ,3 
196 000 ,4 000 ,136 ,2.8 
199 000 ,3 700 ,138 ,2.6 
199 000 ,3 300 ,138 ,2.3 
197 000 ,3 000 ,136 ,2.1 
193 000 ,2 600 ,132 ,1.8 
187 000 ,2 300 ,128 ,1.6 
6 600 ,1 800 ,56 ,15 
7 100 ,1 800 ,63 ,16 
7 600 ,1 900 ,69 ,17 
8 200 ,2 100 ,76 ,20 
8 700 ,2 500 ,82 ,23 
9 100 ,2 800 ,88 ,28 
9 300 ,3 100 ,93 ,31 
9 400 ,3 300 ,96 ,34 
9 300 ,3 500 ,98 ,37 
9 200 ,3 800 ,100 ,41 
9 100 ,4 100 ,101 ,46 
9 000 ,4 200 ,102 ,48 
8 800 ,4 300 ,101 ,49 
8 600 ,4 400 ,100 ,51 
8 300 ,4 400 ,99 ,52 
7 800 ,4 300 ,98 ,53 
3 ,0 ,5.1 ,0.7 
8 ,2 ,15 ,3.7 
0 ,0 ,0,0
2 ,0 ,4.3 ,0 
1 ,0 ,2.2 ,0 
2 ,0 ,4.4 ,0 
5 ,0 ,8.9 ,0.01 
6 ,0 ,11 ,0.6 
5 ,5 ,9.1 ,9.1 
1 ,,2.3 ,
0 ,,0,
2 ,,4.7 ,
1 ,,2.4 ,
3 ,,7.4 ,
2 ,,5.0 ,
0 ,,0,
16 ,3 ,8.8 ,1.4 
17 ,1 ,9.1 ,0.28 
16 ,0 ,8.8 ,0.12 
13 ,0 ,7.0 ,0.08 
15 ,0 ,8.6 ,0.18 
10 ,0 ,5.8 ,0.27 
11 ,1 ,6.6 ,0.53 
24 ,2 ,14 ,1.4 
22 ,1 ,13 ,0.53 
17 ,0 ,10 ,0.17 
16 ,0 ,9.7 ,0.06 
17 ,0 ,11 ,0.02 
17 ,0 ,11 ,0.01 
20 ,,12 ,
17 ,,11 ,
19 ,,12 ,
8 ,1 ,7.4 ,1.1 
6 ,1 ,5.3 ,0.93 
3 ,1 ,3.2 ,0.67 
34 ,9 ,32 ,8.3 
20 ,7 ,18 ,6.2 
17 ,8 ,16 ,7.2 
10 ,5 ,9.5 ,4.8 
14 ,7 ,13 ,6.8 
14 ,6 ,13 ,5.3 
15 ,4 ,14 ,3.7 
8 ,2 ,7.4 ,1.4 
9 ,2 ,8.5 ,1.6 
16 ,,15 ,
12 ,,11 ,
12 ,,11 ,
18 ,,17 ,
22 ,,11 ,
26 ,,14 ,
25 ,,13 ,
25 ,,13 ,
23 ,,12 ,
16 ,,8.7 ,
18 ,,10 ,
14 ,,7.5 ,
20 ,,11 ,
29 ,,16 ,
28 ,,15 ,
39 ,,22 ,
31 ,,17 ,
36 ,,20 ,
25 ,,14 ,
49 ,,28 ,
1 ,,2.5 ,
1 ,,2.5 ,
1 ,,2.5 ,
1 ,,2.5 ,
1 ,,2.5 ,
1 ,,2.5 ,
1 ,,2.5 ,
1 ,,2.5 ,
1 ,,2.5 ,
1 ,,2.5 ,
1 ,,2.5 ,
0 ,,0,
1 ,,4.0 ,
1 ,,4.1 ,
0 ,,0,
1 ,,4.2 ,
180 ,28 ,97 ,15 
180 ,29 ,97 ,16 
170 ,26 ,91 ,14 
170 ,24 ,93 ,13 
160 ,20 ,94 ,11 
160 ,18 ,96 ,11 
160 ,18 ,98 ,11 
160 ,17 ,99 ,10 
160 ,13 ,101 ,8.3 
160 ,10 ,103 ,6.3 
160 ,7 ,105 ,4.6 
160 ,5 ,107 ,3.3 
160 ,3 ,109 ,2.2 
160 ,,110 ,
160 ,,112 ,
160 ,,114 ,
3 800 ,140 ,12 ,0.43 
3 700 ,130 ,12 ,0.43 
4 000 ,170 ,13 ,0.55 
4 200 ,98 ,14 ,0.33 
4 500 ,100 ,16 ,0.35 
5 100 ,120 ,18 ,0.43 
4 600 ,,17 ,
4 600 ,,17 ,
4 500 ,,17 ,
4 300 ,,17 ,
4 100 ,,16 ,
3 800 ,,16 ,
3 800 ,,16 ,
3 900 ,,17 ,
3 800 ,,17 ,
4 000 ,,19 ,
21 000 ,1 400 ,139 ,9.5 
20 000 ,1 500 ,138 ,10 
19 000 ,1 600 ,136 ,11 
19 000 ,1 700 ,136 ,12 
18 000 ,1 800 ,136 ,14 
18 000 ,1 600 ,136 ,12 
17 000 ,1 500 ,136 ,12 
17 000 ,1 500 ,137 ,12 
16 000 ,1 500 ,138 ,13 
16 000 ,1 600 ,139 ,13 
16 000 ,1 600 ,141 ,14 
16 000 ,1 600 ,144 ,14 
16 000 ,1 500 ,147 ,14 
16 000 ,1 500 ,150 ,14 
15 000 ,1 400 ,153 ,13 
15 000 ,1 300 ,155 ,13 
1 900 ,29 ,21 ,0.33 
2 100 ,32 ,24 ,0.36 
2 400 ,37 ,27 ,0.41 
2 200 ,32 ,24 ,0.35 
2 500 ,36 ,28 ,0.4 
2 700 ,38 ,30 ,0.42 
2 900 ,41 ,32 ,0.45 
3 100 ,43 ,34 ,0.47 
3 300 ,44 ,36 ,0.49 
3 600 ,47 ,40 ,0.51 
3 700 ,46 ,40 ,0.5 
9 ,0 ,9.5 ,0.01 
15 ,0 ,16 ,0.36 
28 ,2 ,29 ,2.5 
23 ,3 ,24 ,3 
24 ,3 ,26 ,3.5 
20 ,3 ,21 ,3.3 
17 ,1 ,19 ,0.83 
7 ,0 ,7.5 ,0.01 
9 ,0 ,10 ,0 
12 ,0 ,14 ,0 
16 ,0 ,18 ,0 
21 ,0 ,24 ,0.01 
12 ,0 ,13 ,0.01 
33 ,,40 ,
22 ,,26 ,
23 ,,28 ,
20 000 ,2 600 ,307 ,41 
20 000 ,2 500 ,310 ,40 
19 000 ,2 300 ,313 ,38 
19 000 ,2 100 ,314 ,35 
19 000 ,1 800 ,316 ,30 
18 000 ,1 800 ,317 ,32 
18 000 ,1 900 ,318 ,35 
18 000 ,1 900 ,318 ,35 
17 000 ,1 900 ,318 ,35 
17 000 ,1 800 ,317 ,34 
16 000 ,1 700 ,316 ,33 
15 000 ,1 500 ,314 ,31 
15 000 ,1 300 ,313 ,29 
14 000 ,1 100 ,311 ,26 
13 000 ,960 ,309 ,23 
12 000 ,780 ,305 ,19 
2 500 ,45 ,44 ,0.81 
2 500 ,67 ,45 ,1.2 
2 500 ,71 ,46 ,1.3 
2 600 ,63 ,50 ,1.2 
1 900 ,86 ,36 ,1.7 
1 800 ,86 ,35 ,1.7 
1 800 ,79 ,35 ,1.6 
1 800 ,77 ,37 ,1.6 
1 600 ,66 ,33 ,1.4 
1 500 ,62 ,33 ,1.3 
1 600 ,63 ,35 ,1.4 
1 600 ,63 ,37 ,1.4 
1 800 ,68 ,43 ,1.6 
1 700 ,63 ,42 ,1.5 
1 800 ,61 ,44 ,1.5 
2 000 ,66 ,51 ,1.7 
350 ,0 ,6.5 ,0.01 
370 ,0 ,6.8 ,0.01 
460 ,0 ,8.4 ,0.01 
370 ,0 ,6.8 ,0.01 
430 ,1 ,8.0 ,0.01 
470 ,1 ,8.7 ,0.01 
520 ,1 ,9.6 ,0.02 
670 ,1 ,12 ,0.02 
720 ,1 ,13 ,0.01 
770 ,1 ,14 ,0.01 
820 ,1 ,15 ,0.02 
760 ,1 ,14 ,0.02 
1 100 ,1 ,21 ,0.02 
1 100 ,1 ,21 ,0.02 
1 100 ,1 ,21 ,0.02 
1 200 ,1 ,22 ,0.02 
150 ,0 ,7.2 ,0.01 
160 ,0 ,7.9 ,0.02 
160 ,1 ,7.7 ,0.03 
150 ,0 ,7.5 ,0.01 
210 ,0 ,10 ,0.02 
190 ,1 ,9.5 ,0.03 
210 ,0 ,10 ,0.02 
240 ,0 ,12 ,0.01 
250 ,0 ,12 ,0.01 
240 ,0 ,12 ,0.01 
310 ,0 ,15 ,0.01 
290 ,0 ,14 ,0.01 
330 ,0 ,16 ,0.01 
390 ,0 ,20 ,0.01 
410 ,0 ,21 ,0.01 
420 ,0 ,21 ,0.01 
520 ,,89 ,
430 ,,75 ,
450 ,,80 ,
450 ,,82 ,
500 ,,93 ,
420 ,,80 ,
460 ,,89 ,
480 ,,96 ,
500 ,,101 ,
460 ,,96 ,
500 ,,106 ,
430 ,,93 ,
370 ,,82 ,
320 ,,74 ,
370 ,,86 ,
380 ,,92 ,
30 000 ,530 ,274 ,4.9 
29 000 ,930 ,274 ,8.8 
29 000 ,820 ,285 ,8 
29 000 ,800 ,286 ,7.9 
28 000 ,830 ,286 ,8.4 
27 000 ,850 ,286 ,8.9 
27 000 ,840 ,286 ,9 
26 000 ,840 ,286 ,9.2 
25 000 ,830 ,285 ,9.3 
25 000 ,830 ,285 ,9.5 
24 000 ,810 ,285 ,9.6 
24 000 ,790 ,285 ,9.6 
23 000 ,770 ,285 ,9.6 
22 000 ,740 ,285 ,9.5 
22 000 ,710 ,285 ,9.3 
21 000 ,670 ,285 ,9.1 
454 000 ,258 000 ,834 ,473 
450 000 ,274 000 ,834 ,508 
459 000 ,283 000 ,860 ,530 
471 000 ,301 000 ,892 ,570 
482 000 ,315 000 ,922 ,603 
489 000 ,295 000 ,948 ,571 
493 000 ,298 000 ,967 ,585 
492 000 ,299 000 ,977 ,593 
485 000 ,296 000 ,977 ,595 
472 000 ,288 000 ,963 ,588 
451 000 ,276 000 ,932 ,571 
421 000 ,258 000 ,883 ,542 
385 000 ,236 000 ,820 ,502 
345 000 ,210 000 ,746 ,455 
304 000 ,184 000 ,666 ,403 
263 000 ,157 000 ,585 ,349 
18 000 ,2 100 ,146 ,17 
17 000 ,2 200 ,146 ,19 
17 000 ,2 400 ,146 ,21 
16 000 ,1 800 ,146 ,17 
15 000 ,2 300 ,146 ,21 
5 500 ,400 ,12 ,0.87 
5 500 ,400 ,12 ,0.87 
6 000 ,400 ,13 ,0.87 
6 500 ,570 ,14 ,1.2 
7 400 ,670 ,16 ,1.4 
7 900 ,740 ,17 ,1.6 
8 300 ,820 ,18 ,1.8 
8 900 ,1 000 ,19 ,2.2 
8 400 ,1 200 ,19 ,2.6 
9 000 ,1 200 ,20 ,2.8 
8 400 ,1 100 ,19 ,2.6 
6 900 ,930 ,16 ,2.2 
11 000 ,1 500 ,27 ,3.6 
8 400 ,1 100 ,20 ,2.6 
7 900 ,1 000 ,19 ,2.5 
9 200 ,1 200 ,23 ,2.9 
13 000 ,43 ,65 ,0.21 
13 000 ,38 ,65 ,0.18 
14 000 ,27 ,66 ,0.13 
14 000 ,15 ,66 ,0.07 
13 000 ,9 ,66 ,0.05 
13 000 ,9 ,66 ,0.04 
13 000 ,11 ,66 ,0.05 
13 000 ,15 ,66 ,0.08 
13 000 ,21 ,66 ,0.11 
13 000 ,26 ,66 ,0.13 
13 000 ,22 ,66 ,0.11 
13 000 ,19 ,66 ,0.1 
13 000 ,17 ,66 ,0.09 
13 000 ,15 ,66 ,0.08 
13 000 ,13 ,66 ,0.07 
12 000 ,11 ,66 ,0.06 
35 000 ,1 600 ,88 ,4 
37 000 ,1 600 ,94 ,4.2 
38 000 ,1 700 ,100 ,4.4 
39 000 ,1 700 ,103 ,4.4 
39 000 ,1 600 ,105 ,4.4 
49 000 ,2 000 ,107 ,4.3 
49 000 ,1 900 ,109 ,4.2 
48 000 ,1 800 ,111 ,4 
48 000 ,1 600 ,113 ,3.9 
47 000 ,1 500 ,115 ,3.7 
47 000 ,1 400 ,117 ,3.5 
46 000 ,1 300 ,119 ,3.3 
46 000 ,1 200 ,121 ,3 
46 000 ,1 000 ,124 ,2.8 
45 000 ,910 ,126 ,2.5 
45 000 ,800 ,128 ,2.3 
180 ,55 ,33 ,10 
180 ,49 ,34 ,9 
180 ,45 ,33 ,8.5 
160 ,44 ,30 ,8.3 
160 ,51 ,30 ,9.7 
240 ,81 ,47 ,16 
220 ,70 ,43 ,14 
140 ,39 ,27 ,7.8 
150 ,41 ,29 ,8.2 
160 ,43 ,33 ,8.6 
150 ,37 ,30 ,7.6 
120 ,31 ,25 ,6.2 
130 ,33 ,27 ,6.9 
120 ,30 ,25 ,6.2 
94 ,22 ,19 ,4.6 
110 ,25 ,23 ,5.2 
7 300 ,5 200 ,565 ,408 
9 300 ,6 800 ,733 ,534 
11 000 ,8 300 ,900 ,664 
13 000 ,9 600 ,1042 ,778 
14 000 ,11 000 ,1157 ,897 
15 000 ,12 000 ,1246 ,1009 
15 000 ,13 000 ,1308 ,1091 
16 000 ,13 000 ,1347 ,1122 
15 000 ,12 000 ,1354 ,1096 
15 000 ,12 000 ,1332 ,1074 
14 000 ,11 000 ,1292 ,1040 
13 000 ,11 000 ,1232 ,990 
13 000 ,10 000 ,1149 ,922 
11 000 ,9 200 ,1061 ,849 
10 000 ,8 200 ,956 ,763 
8 900 ,7 000 ,832 ,660 
900 ,26 ,9.2 ,0.27 
730 ,20 ,7.5 ,0.21 
700 ,19 ,7.3 ,0.19 
680 ,17 ,7.1 ,0.18 
620 ,15 ,6.5 ,0.16 
710 ,16 ,7.5 ,0.17 
660 ,15 ,7.1 ,0.16 
590 ,13 ,6.4 ,0.14 
530 ,11 ,5.8 ,0.12 
560 ,11 ,6.2 ,0.12 
620 ,12 ,6.9 ,0.14 
490 ,10 ,5.5 ,0.11 
460 ,9 ,5.1 ,0.1 
430 ,8 ,4.8 ,0.09 
450 ,8 ,5.1 ,0.09 
480 ,8 ,5.4 ,0.1 
610 ,33 ,7.4 ,0.39 
490 ,25 ,5.9 ,0.31 
540 ,27 ,6.6 ,0.33 
480 ,23 ,6.0 ,0.29 
600 ,29 ,7.6 ,0.36 
580 ,27 ,7.5 ,0.34 
580 ,26 ,7.5 ,0.33 
530 ,23 ,7.0 ,0.3 
480 ,21 ,6.4 ,0.27 
540 ,23 ,7.3 ,0.31 
590 ,25 ,8.0 ,0.33 
630 ,26 ,8.6 ,0.36 
660 ,27 ,9.0 ,0.37 
680 ,28 ,9.4 ,0.38 
630 ,25 ,8.8 ,0.35 
660 ,26 ,9.3 ,0.37 
3 600 ,,20 ,
4 400 ,,23 ,
3 400 ,,18 ,
3 800 ,,19 ,
4 500 ,,22 ,
4 600 ,,22 ,
5 100 ,,25 ,
4 700 ,,23 ,
5 300 ,,27 ,
4 900 ,,26 ,
5 400 ,,30 ,
5 700 ,,32 ,
6 000 ,,35 ,
6 000 ,,35 ,
6 200 ,,37 ,
6 400 ,,39 ,
7 400 ,200 ,87 ,2.4 
7 600 ,210 ,91 ,2.5 
8 100 ,170 ,100 ,2.1 
8 500 ,120 ,108 ,1.5 
9 100 ,150 ,117 ,2 
9 700 ,240 ,128 ,3.1 
10 000 ,330 ,141 ,4.5 
11 000 ,450 ,155 ,6.2 
12 000 ,460 ,169 ,6.5 
13 000 ,470 ,183 ,6.7 
13 000 ,470 ,196 ,6.9 
14 000 ,460 ,207 ,6.9 
14 000 ,450 ,215 ,6.8 
14 000 ,420 ,220 ,6.6 
14 000 ,380 ,222 ,6.1 
14 000 ,330 ,219 ,5.3 
117 000 ,15 000 ,172 ,22 
116 000 ,16 000 ,171 ,23 
115 000 ,16 000 ,170 ,23 
116 000 ,17 000 ,172 ,25 
118 000 ,17 000 ,176 ,26 
121 000 ,19 000 ,181 ,29 
125 000 ,21 000 ,188 ,32 
131 000 ,22 000 ,196 ,34 
136 000 ,22 000 ,205 ,34 
142 000 ,24 000 ,215 ,36 
147 000 ,25 000 ,224 ,38 
152 000 ,27 000 ,232 ,41 
155 000 ,28 000 ,240 ,44 
157 000 ,30 000 ,244 ,47 
155 000 ,31 000 ,245 ,49 
151 000 ,31 000 ,241 ,50 
270 ,1 ,13 ,0.04 
320 ,1 ,15 ,0.04 
360 ,1 ,17 ,0.04 
390 ,1 ,19 ,0.04 
380 ,1 ,18 ,0.04 
430 ,1 ,21 ,0.04 
510 ,1 ,25 ,0.05 
510 ,1 ,25 ,0.04 
590 ,1 ,29 ,0.05 
630 ,1 ,31 ,0.05 
670 ,1 ,33 ,0.05 
720 ,1 ,36 ,0.05 
780 ,1 ,39 ,0.05 
770 ,1 ,38 ,0.05 
730 ,1 ,36 ,0.04 
720 ,1 ,36 ,0.04 
5 900 ,87 ,498 ,7.3 
5 800 ,74 ,498 ,6.4 
5 600 ,63 ,498 ,5.6 
5 500 ,53 ,498 ,4.8 
5 400 ,45 ,498 ,4.2 
5 300 ,38 ,498 ,3.6 
5 200 ,32 ,498 ,3.1 
5 100 ,26 ,498 ,2.5 
5 100 ,21 ,498 ,2 
5 000 ,16 ,498 ,1.6 
4 900 ,12 ,498 ,1.2 
4 800 ,8 ,498 ,0.83 
4 600 ,5 ,498 ,0.55 
4 500 ,3 ,498 ,0.3 
3 800 ,820 ,52 ,11 
4 100 ,840 ,58 ,12 
4 500 ,930 ,64 ,13 
4 700 ,1 100 ,69 ,16 
4 800 ,1 300 ,73 ,19 
4 800 ,1 200 ,76 ,19 
4 800 ,1 200 ,77 ,19 
4 700 ,1 500 ,78 ,25 
4 500 ,1 500 ,77 ,25 
4 200 ,1 500 ,74 ,25 
4 000 ,1 400 ,71 ,25 
3 600 ,1 300 ,66 ,24 
3 200 ,1 200 ,60 ,22 
2 900 ,1 000 ,56 ,20 
2 700 ,970 ,53 ,19 
2 500 ,910 ,52 ,19 
16 ,0 ,15 ,0.02 
15 ,0 ,14 ,0.01 
12 ,0 ,11 ,0.01 
13 ,0 ,12 ,0.01 
10 ,0 ,9.9 ,0.01 
13 ,0 ,12 ,0.01 
9 ,0 ,8.9 ,0.01 
15 ,0 ,15 ,0.01 
26 ,0 ,26 ,0.03 
21 ,,20 ,
21 ,,21 ,
14 ,,14 ,
18 ,,18 ,
33 ,,34 ,
14 ,,14 ,
28 ,,28 ,
230 ,39 ,17 ,2.9 
290 ,61 ,21 ,4.5 
290 ,71 ,21 ,5.3 
320 ,84 ,23 ,6.3 
260 ,73 ,19 ,5.4 
250 ,70 ,19 ,5.3 
310 ,85 ,24 ,6.5 
320 ,76 ,24 ,5.8 
250 ,46 ,19 ,3.5 
270 ,45 ,20 ,3.5 
190 ,36 ,15 ,2.8 
200 ,55 ,16 ,4.2 
170 ,72 ,13 ,5.6 
150 ,64 ,12 ,5 
240 ,97 ,19 ,7.7 
230 ,91 ,18 ,7.2 
4 200 ,29 ,37 ,0.26 
3 900 ,25 ,35 ,0.23 
3 800 ,23 ,34 ,0.21 
4 000 ,22 ,37 ,0.21 
3 800 ,19 ,35 ,0.18 
3 000 ,14 ,28 ,0.13 
2 700 ,11 ,26 ,0.11 
2 800 ,10 ,27 ,0.1 
2 900 ,9 ,28 ,0.09 
2 700 ,8 ,26 ,0.07 
2 600 ,7 ,26 ,0.06 
2 500 ,5 ,25 ,0.05 
2 500 ,5 ,25 ,0.05 
2 400 ,4 ,24 ,0.04 
2 400 ,4 ,25 ,0.04 
2 500 ,3 ,26 ,0.04 
14 000 ,97 ,18 ,0.12 
15 000 ,73 ,19 ,0.09 
15 000 ,55 ,20 ,0.07 
16 000 ,85 ,22 ,0.11 
17 000 ,81 ,24 ,0.11 
18 000 ,78 ,25 ,0.11 
19 000 ,74 ,27 ,0.1 
20 000 ,70 ,29 ,0.1 
22 000 ,68 ,31 ,0.1 
23 000 ,63 ,33 ,0.09 
23 000 ,57 ,33 ,0.08 
20 000 ,45 ,30 ,0.07 
21 000 ,42 ,31 ,0.06 
21 000 ,38 ,32 ,0.06 
20 000 ,33 ,31 ,0.05 
21 000 ,31 ,33 ,0.05 
3 800 ,,70 ,
3 400 ,,64 ,
3 800 ,,72 ,
4 200 ,,81 ,
4 700 ,,92 ,
5 200 ,,103 ,
5 800 ,,116 ,
6 400 ,,131 ,
7 100 ,,146 ,
7 700 ,,160 ,
8 300 ,,175 ,
8 800 ,,188 ,
9 300 ,,199 ,
9 500 ,,206 ,
9 500 ,,209 ,
9 300 ,,208 ,
23 ,0 ,232 ,0.23 
17 ,0 ,174 ,0.17 
21 ,0 ,210 ,0.21 
22 ,,222 ,
14 ,,140 ,
16 ,,164 ,
21 ,,211 ,
20 ,,200 ,
21 ,,212 ,
10 ,,106 ,
14 ,,142 ,
22 ,,230 ,
36 ,,372 ,
15 ,,157 ,
18 ,,194 ,
18 ,,195 ,
79 000 ,26 000 ,202 ,66 
76 000 ,27 000 ,202 ,73 
74 000 ,29 000 ,203 ,79 
73 000 ,32 000 ,205 ,90 
71 000 ,35 000 ,207 ,101 
70 000 ,37 000 ,210 ,113 
68 000 ,40 000 ,213 ,126 
67 000 ,45 000 ,217 ,144 
67 000 ,46 000 ,222 ,155 
66 000 ,48 000 ,227 ,166 
65 000 ,50 000 ,233 ,178 
65 000 ,52 000 ,240 ,192 
65 000 ,55 000 ,248 ,208 
65 000 ,58 000 ,256 ,227 
65 000 ,61 000 ,266 ,247 
66 000 ,64 000 ,276 ,269 
41 000 ,9 000 ,91 ,20 
43 000 ,8 700 ,94 ,19 
44 000 ,7 900 ,96 ,17 
46 000 ,6 700 ,101 ,15 
48 000 ,6 800 ,105 ,15 
50 000 ,7 400 ,110 ,16 
53 000 ,6 500 ,115 ,14 
55 000 ,5 200 ,119 ,11 
57 000 ,3 900 ,123 ,8.3 
58 000 ,4 000 ,125 ,8.7 
59 000 ,4 100 ,127 ,8.8 
60 000 ,4 100 ,127 ,8.7 
60 000 ,3 900 ,126 ,8.2 
59 000 ,3 600 ,123 ,7.6 
58 000 ,3 200 ,119 ,6.7 
56 000 ,2 700 ,114 ,5.6 
140 ,5 ,1.6 ,0.06 
140 ,6 ,1.6 ,0.06 
160 ,6 ,1.7 ,0.06 
170 ,13 ,1.9 ,0.15 
190 ,7 ,2.2 ,0.08 
200 ,5 ,2.4 ,0.06 
210 ,0 ,2.7 ,0 
210 ,,3.0 ,
180 ,,2.9 ,
140 ,,2.6 ,
130 ,,2.9 ,
130 ,,3.4 ,
150 ,,4.0 ,
210 ,,6.2 ,
370 ,,12 ,
370 ,,12 ,
6 600 ,310 ,10 ,0.48 
7 400 ,350 ,12 ,0.54 
8 300 ,390 ,13 ,0.6 
9 300 ,430 ,15 ,0.67 
9 500 ,430 ,15 ,0.68 
8 800 ,390 ,14 ,0.62 
9 100 ,400 ,15 ,0.64 
9 300 ,400 ,15 ,0.65 
9 000 ,380 ,15 ,0.63 
9 300 ,390 ,15 ,0.64 
9 200 ,380 ,15 ,0.63 
7 900 ,330 ,13 ,0.55 
8 000 ,330 ,13 ,0.55 
7 800 ,310 ,13 ,0.53 
6 800 ,270 ,11 ,0.45 
7 000 ,270 ,12 ,0.46 
164 000 ,57 000 ,306 ,107 
169 000 ,61 000 ,327 ,118 
169 000 ,62 000 ,336 ,124 
184 000 ,71 000 ,378 ,145 
189 000 ,71 000 ,401 ,151 
194 000 ,81 000 ,426 ,178 
200 000 ,90 000 ,452 ,204 
203 000 ,95 000 ,474 ,221 
204 000 ,93 000 ,492 ,225 
203 000 ,94 000 ,504 ,232 
199 000 ,93 000 ,510 ,238 
193 000 ,92 000 ,510 ,242 
188 000 ,91 000 ,510 ,246 
182 000 ,89 000 ,509 ,248 
177 000 ,87 000 ,506 ,250 
171 000 ,85 000 ,503 ,250 
10 000 ,580 ,3.2 ,0.18 
10 000 ,620 ,3.2 ,0.2 
10 000 ,690 ,3.3 ,0.22 
11 000 ,820 ,3.6 ,0.26 
12 000 ,950 ,3.9 ,0.3 
13 000 ,1 100 ,4.1 ,0.36 
13 000 ,1 300 ,4.3 ,0.41 
15 000 ,1 500 ,4.9 ,0.5 
15 000 ,1 600 ,5.1 ,0.55 
16 000 ,1 800 ,5.3 ,0.62 
16 000 ,2 100 ,5.5 ,0.7 
17 000 ,2 400 ,5.7 ,0.81 
17 000 ,2 700 ,5.9 ,0.94 
17 000 ,2 700 ,6.0 ,0.95 
18 000 ,2 900 ,6.4 ,1 
19 000 ,2 900 ,6.6 ,1 
1 000 ,160 ,30 ,4.7 
990 ,150 ,29 ,4.5 
1 000 ,160 ,30 ,4.7 
930 ,150 ,27 ,4.3 
940 ,150 ,28 ,4.5 
800 ,130 ,24 ,3.9 
810 ,130 ,24 ,3.9 
790 ,120 ,24 ,3.6 
700 ,100 ,21 ,3.1 
640 ,92 ,19 ,2.8 
720 ,100 ,22 ,3 
840 ,120 ,25 ,3.5 
740 ,100 ,22 ,3 
620 ,78 ,19 ,2.4 
790 ,94 ,24 ,2.8 
740 ,81 ,22 ,2.4 
24 000 ,1 200 ,79 ,3.9 
24 000 ,1 200 ,82 ,4 
25 000 ,1 100 ,86 ,3.9 
26 000 ,1 000 ,89 ,3.6 
26 000 ,890 ,93 ,3.2 
27 000 ,610 ,97 ,2.2 
28 000 ,460 ,101 ,1.7 
28 000 ,380 ,105 ,1.4 
29 000 ,280 ,110 ,1 
30 000 ,210 ,116 ,0.8 
31 000 ,160 ,120 ,0.61 
31 000 ,120 ,119 ,0.46 
30 000 ,100 ,117 ,0.4 
28 000 ,83 ,113 ,0.33 
27 000 ,60 ,107 ,0.24 
24 000 ,40 ,99 ,0.16 
170 ,,63 ,
160 ,,63 ,
160 ,,62 ,
160 ,,65 ,
160 ,,67 ,
160 ,,69 ,
170 ,,72 ,
170 ,,74 ,
170 ,,77 ,
170 ,,80 ,
170 ,,83 ,
170 ,,86 ,
140 ,,69 ,
130 ,,69 ,
230 ,,123 ,
200 ,,110 ,
8 900 ,960 ,29 ,3.1 
8 000 ,850 ,26 ,2.8 
8 200 ,910 ,27 ,3 
8 100 ,980 ,27 ,3.3 
7 900 ,890 ,27 ,3 
8 100 ,800 ,28 ,2.8 
8 100 ,790 ,28 ,2.8 
8 000 ,880 ,28 ,3.1 
8 100 ,1 100 ,29 ,3.9 
8 400 ,1 100 ,31 ,4 
8 600 ,1 100 ,32 ,4 
8 500 ,1 000 ,32 ,3.9 
8 400 ,970 ,33 ,3.8 
7 800 ,840 ,31 ,3.3 
7 800 ,800 ,31 ,3.2 
8 100 ,760 ,33 ,3.1 
128 000 ,5 500 ,137 ,5.9 
130 000 ,6 800 ,140 ,7.3 
132 000 ,8 200 ,144 ,9 
133 000 ,9 300 ,147 ,10 
135 000 ,11 000 ,151 ,12 
137 000 ,11 000 ,155 ,12 
139 000 ,11 000 ,159 ,12 
142 000 ,11 000 ,164 ,12 
144 000 ,11 000 ,168 ,12 
146 000 ,11 000 ,172 ,12 
149 000 ,10 000 ,176 ,12 
151 000 ,10 000 ,181 ,12 
153 000 ,9 500 ,185 ,12 
154 000 ,8 700 ,189 ,11 
156 000 ,7 800 ,192 ,9.6 
158 000 ,6 700 ,197 ,8.3 
13 000 ,150 ,48 ,0.55 
13 000 ,140 ,48 ,0.52 
12 000 ,130 ,48 ,0.5 
12 000 ,120 ,48 ,0.48 
12 000 ,120 ,50 ,0.47 
12 000 ,110 ,52 ,0.47 
13 000 ,110 ,55 ,0.49 
13 000 ,110 ,60 ,0.51 
14 000 ,110 ,66 ,0.53 
15 000 ,120 ,73 ,0.56 
16 000 ,120 ,80 ,0.59 
17 000 ,120 ,87 ,0.62 
18 000 ,120 ,95 ,0.64 
19 000 ,130 ,102 ,0.67 
20 000 ,130 ,110 ,0.68 
21 000 ,120 ,116 ,0.69 
63 000 ,38 000 ,391 ,235 
64 000 ,39 000 ,406 ,247 
67 000 ,41 000 ,437 ,268 
67 000 ,41 000 ,456 ,280 
68 000 ,44 000 ,475 ,305 
69 000 ,50 000 ,495 ,356 
69 000 ,49 000 ,514 ,362 
70 000 ,47 000 ,534 ,358 
71 000 ,47 000 ,554 ,371 
71 000 ,48 000 ,577 ,388 
73 000 ,49 000 ,602 ,406 
74 000 ,50 000 ,631 ,428 
76 000 ,52 000 ,662 ,451 
77 000 ,53 000 ,695 ,475 
79 000 ,54 000 ,728 ,499 
80 000 ,55 000 ,759 ,522 
38 000 ,26 000 ,242 ,167 
42 000 ,29 000 ,278 ,192 
45 000 ,32 000 ,304 ,214 
52 000 ,38 000 ,355 ,258 
55 000 ,41 000 ,384 ,287 
58 000 ,45 000 ,416 ,322 
62 000 ,48 000 ,450 ,350 
66 000 ,50 000 ,487 ,369 
70 000 ,53 000 ,527 ,402 
74 000 ,57 000 ,561 ,432 
76 000 ,59 000 ,588 ,457 
78 000 ,61 000 ,607 ,477 
79 000 ,63 000 ,617 ,490 
78 000 ,63 000 ,617 ,494 
78 000 ,63 000 ,617 ,499 
76 000 ,62 000 ,605 ,492 
